county_fips,county,2000,2001,2002,2003,2004,2005,2006,2007,2008,2009,2010,2011,2012,2013,2014,2015,2016,2017,2018,2019,2020,2021,2022,2023,2024
1003,"Baldwin County, AL",,,,1860,1872,2099,2245,2281,2289,2125,2167,2157,2109,2160,2244,2344,2247,2322,2290,2329,2292,2501,2533,2486,2745
1015,"Calhoun County, AL",1528,1550,1455,1424,1542,1473,1513,1563,1528,1520,1318,1418,1295,1347,1291,1400,1357,1338,1265,1383,1262,1328,1344,1258,1256
1055,"Etowah County, AL",,,,1268,1197,1282,1298,1251,1267,1281,1236,1173,1148,1182,1159,1214,1214,1213,1191,1236,1171,1138,1174,1163,1224
1069,"Houston County, AL",,,,,,,,0,0,0,0,0,0,0,1303,1294,1333,1295,1368,1336,1337,1328,1258,1278,1250
1073,"Jefferson County, AL",9567,9141,8928,9049,9152,9054,9657,9705,9577,10448,8894,8916,9027,8640,8925,8792,8655,8706,8437,8481,7929,8048,7751,7866,7885
1081,"Lee County, AL",,,,1497,1458,1481,1639,1745,1723,1454,1532,1536,1778,1858,1890,1988,1898,1898,1810,1879,1842,1903,1977,1985,1994
1089,"Madison County, AL",3757,3611,3523,3559,3705,3830,4066,4236,4221,4265,4195,4150,3926,4106,4254,4159,4228,4253,4262,4260,4337,4326,4514,4559,4635
1097,"Mobile County, AL",6359,5887,5830,5852,5707,5844,6131,6270,6206,6057,5707,5623,5495,5578,5682,5663,5504,5607,5549,5372,5302,5097,5001,5054,4780
1101,"Montgomery County, AL",3656,3417,3337,3205,3279,3303,3479,3434,3561,3355,3084,3166,3080,3166,3254,3129,3139,3172,3139,3167,3138,3058,2937,2810,2757
1103,"Morgan County, AL",1585,1454,1504,1463,1497,1578,1459,1640,1620,1502,1504,1461,1366,1413,1365,1386,1470,1435,1432,1435,1464,1402,1485,1512,1457
1115,"St. Clair County, AL",0,0,0,,,,,,,,,,,,,,,,,,,,,,
1117,"Shelby County, AL",0,0,0,2489,2562,2576,2610,2698,2642,2490,2498,2424,2431,2328,2410,2399,2387,2283,2250,2206,2230,2297,2443,2336,2323
1125,"Tuscaloosa County, AL",2331,2231,2146,2210,2166,2258,2347,2528,2595,2478,2470,2361,2441,2419,2521,2530,2591,2538,2406,2630,2570,2445,2539,2505,2549
2020,"Anchorage Borough, AK",4122,4185,4152,4296,4392,4235,4627,4480,4657,4743,4575,4792,4613,4778,4691,4589,4518,4136,3975,3945,3773,3572,3643,3513,3497
4003,"Cochise County, AZ",,,,1761,1816,1778,1813,1865,1784,1848,1783,1668,1710,1618,1648,1570,1529,1335,1354,1341,1279,1245,1237,1220,1183
4005,"Coconino County, AZ",,,,1915,2032,2073,2062,2137,1985,1892,1784,1777,1717,1647,1705,1575,1612,1508,1506,1369,1328,1300,1318,1287,1240
4013,"Maricopa County, AZ",54506,55675,56697,59080,60636,62385,66297,66001,62680,57718,54348,53467,54644,54015,55410,54736,54126,52633,51854,51165,49365,50344,50706,50307,50902
4015,"Mohave County, AZ",,,,2220,2305,2379,2575,2498,2391,2280,2170,2046,1934,1884,1869,1852,1802,1753,1796,1733,1710,1808,1729,1704,1778
4017,"Navajo County, AZ",,,,,,,,0,0,0,0,0,0,0,1617,1542,1497,1508,1381,1359,1305,1208,1230,1228,1198
4019,"Pima County, AZ",12516,12147,12491,12821,13055,13017,13953,13819,13521,12868,12184,11893,11917,11994,11864,11500,11421,10983,10671,10379,10050,9989,9997,9846,9726
4021,"Pinal County, AZ",2613,2559,2711,2919,3072,3665,4473,5290,5737,5315,4998,4611,4669,4575,4491,4451,4470,4392,4498,4505,4650,4845,5133,5376,5625
4025,"Yavapai County, AZ",1755,1746,1920,1857,2008,2131,2385,2416,2215,2064,1827,1835,1794,1826,1948,1876,1868,1798,1772,1806,1689,1729,1794,1757,1790
4027,"Yuma County, AZ",3030,3013,3095,3197,3326,3310,3378,3255,3364,3237,3230,3208,3141,3141,3062,3017,3007,2960,3034,2952,2980,2918,2897,2841,2788
5007,"Benton County, AR",,,,2681,2893,3037,3231,3370,3308,3311,3214,3340,3309,3238,3566,3614,3622,3713,3778,3519,3661,3771,3932,3830,4012
5045,"Faulkner County, AR",,,,,,,,0,0,0,0,0,0,0,1522,1539,1534,1545,1467,1513,1494,1470,1460,1489,1501
5119,"Pulaski County, AR",5856,5553,5705,5765,5893,5733,6013,6016,6018,5776,5763,5759,5602,5521,5641,5571,5348,5259,5123,5183,5041,5012,4895,4801,4725
5125,"Saline County, AR",,,,,,,,0,0,0,0,0,0,0,1364,1353,1326,1275,1339,1372,1285,1420,1380,1389,1430
5131,"Sebastian County, AR",,,,1832,1822,1894,1879,1971,1869,1851,1738,1799,1704,1627,1740,1738,1721,1828,1662,1670,1550,1620,1561,1546,1601
5143,"Washington County, AR",2595,2552,2889,2969,2981,3233,3517,3431,3201,3306,3213,3261,3323,3259,3081,3213,3280,3199,3227,3174,3086,3178,3345,3265,3397
6001,"Alameda County, CA",22176,22038,21805,21580,20924,20907,21066,21522,20976,20325,19306,19003,19546,19257,19650,19434,19573,18888,18240,18212,17316,16935,16613,16194,16023
6007,"Butte County, CA",2197,2312,2265,2382,2355,2451,2636,2523,2520,2440,2457,2391,2399,2415,2481,2442,2490,2386,2430,2154,1991,2065,1946,2040,1986
6013,"Contra Costa County, CA",13209,13126,13314,13213,13281,13148,13570,13487,13135,12686,12358,12060,12065,12154,12557,12596,12340,12180,12002,11729,11760,11891,11570,11199,10888
6017,"El Dorado County, CA",1630,1702,1761,1753,1901,1933,2044,1882,1814,1727,1621,1630,1513,1534,1618,1594,1601,1570,1674,1524,1465,1594,1570,1430,1524
6019,"Fresno County, CA",14265,14292,14770,15401,15898,15940,16877,17292,16764,16271,16283,16160,15955,15737,15762,15359,15129,14541,14465,14057,13825,13970,13950,13096,13237
6023,"Humboldt County, CA",1372,1503,1422,1444,1509,1598,1644,1599,1601,1541,1551,1448,1504,1531,1468,1441,1482,1372,1364,1417,1265,1264,1201,1073,1062
6025,"Imperial County, CA",2640,2628,2674,2901,2856,3064,3129,3146,3241,3151,3081,3079,3054,3094,3226,3168,2939,2894,2629,2533,2329,2367,2563,2268,2189
6029,"Kern County, CA",11689,11728,12217,12892,13456,14026,15109,15336,15316,14828,14419,14287,14553,14149,14193,13768,13728,13326,12916,12765,12356,12494,12494,12071,11763
6031,"Kings County, CA",2180,2135,2311,2367,2551,2554,2685,2781,2711,2645,2509,2567,2358,2394,2350,2274,2248,2373,2262,2115,2252,2150,2040,2017,2177
6037,"Los Angeles County, CA",157508,153586,151192,152255,151579,150439,151967,151908,147745,139757,133252,130370,131664,128598,130289,124641,123092,116950,110271,107231,98060,96241,95824,90767,90507
6039,"Madera County, CA",,,,2292,2346,2350,2622,2612,2535,2390,2434,2401,2257,2315,2313,2225,2355,2120,2079,2045,2097,2029,2150,2179,2135
6041,"Marin County, CA",2826,2864,2772,2831,2792,2786,2736,2820,2719,2496,2371,2386,2305,2321,2401,2288,2252,2237,2127,2071,2078,2331,2224,2180,2041
6047,"Merced County, CA",3875,3949,4027,4282,4297,4471,4743,4652,4422,4407,4249,4280,4312,4162,4164,4104,4117,4202,3875,3806,3732,3863,3849,3657,3756
6053,"Monterey County, CA",6717,6946,6900,7425,7395,7502,7476,7551,7435,7070,6765,6812,6652,6547,6455,6420,6219,5810,5895,5846,5575,5430,5691,5343,5171
6055,"Napa County, CA",1496,1565,1565,1676,1603,1657,1755,1665,1671,1653,1525,1572,1431,1450,1475,1457,1406,1291,1204,1279,1207,1203,1150,1255,1104
6059,"Orange County, CA",47022,45512,44814,45376,45065,44069,44247,44038,42467,40437,38250,38101,38183,37281,38595,37609,38106,37369,35679,35052,31014,30763,30929,29994,30926
6061,"Placer County, CA",3072,3144,3534,3640,3798,3822,3892,4054,4035,3810,3825,3834,3648,3688,3631,3747,3732,3689,3663,3658,3494,3846,3766,3775,3952
6065,"Riverside County, CA",24855,25402,26694,28038,29551,31519,33669,34563,32881,31605,30670,30611,30300,29941,30235,30491,30661,29857,28725,28026,26955,27447,27878,26401,26982
6067,"Sacramento County, CA",18221,18926,19235,20431,20837,21191,21956,22119,21397,20433,20056,20002,19623,19371,19871,19423,19588,19202,19102,19089,18032,18384,18205,17392,17439
6071,"San Bernardino County, CA",28713,29232,29699,30829,31921,33078,34650,35190,33837,32006,31368,30566,30701,30246,31226,30530,31032,29643,28994,28656,26706,26688,26212,24766,25284
6073,"San Diego County, CA",44337,43789,43960,45388,45770,45909,46898,47569,46755,44982,44867,43643,44396,43659,44596,43942,42720,41230,40070,38540,37161,37407,37587,35594,35931
6075,"San Francisco County, CA",8665,8236,8359,8660,8581,8408,8613,9129,9106,8810,8806,8813,9075,8814,9104,8972,9062,8947,8697,8438,8014,7486,7115,6800,6930
6077,"San Joaquin County, CA",9606,9813,10167,10455,11011,11502,11784,11600,11030,10876,10596,10329,10129,9800,10113,9983,10268,9928,9841,10009,9690,9720,10091,9559,9675
6079,"San Luis Obispo County, CA",2436,2437,2368,2622,2696,2666,2728,2884,2739,2617,2735,2631,2580,2650,2596,2668,2581,2550,2445,2447,2360,2445,2411,2441,2368
6081,"San Mateo County, CA",10421,10236,10063,10184,10090,9942,9810,9914,9770,9452,9194,9048,9185,8824,9083,9037,8960,8585,8330,8206,7716,7450,7497,7145,7288
6083,"Santa Barbara County, CA",5685,5615,5699,5801,6209,6192,6169,6292,6320,6041,5821,5804,5585,5755,5830,5673,5501,5531,5268,5537,5344,5491,5670,5437,5383
6085,"Santa Clara County, CA",27686,27134,27120,27003,26540,26560,26948,27490,26731,25203,23940,23649,24308,23313,23742,23393,23042,22133,21292,21184,19575,19174,19080,18322,18729
6087,"Santa Cruz County, CA",3675,3686,3529,3454,3399,3388,3600,3571,3537,3299,3192,3233,3083,2871,3069,2840,2799,2658,2449,2434,2189,2255,2305,2140,2074
6089,"Shasta County, CA",1831,1945,1963,2061,2047,2125,2190,2230,2186,2068,2136,2022,2109,2143,2083,2073,2048,2008,1966,1903,1841,1838,1776,1821,1725
6095,"Solano County, CA",5902,5770,5864,5820,5692,5740,5806,5849,5609,5393,5050,5160,5062,5259,5253,5131,5259,5131,5033,5065,4957,4988,4851,4630,4612
6097,"Sonoma County, CA",5652,5709,5678,5845,5963,5613,5896,5742,5763,5685,5393,5150,5143,4983,5070,5015,4962,4642,4526,4395,4312,4565,4468,4363,4364
6099,"Stanislaus County, CA",7249,7592,7932,8021,8059,8445,8728,8827,8550,7942,7806,7738,7591,7579,7511,7698,7862,7441,7364,7402,7118,7324,7071,6718,6719
6107,"Tulare County, CA",7261,7320,7416,7601,7958,8169,8286,8507,8535,8361,8155,7966,8000,7653,7640,7411,7146,7130,6905,6714,6658,6767,6801,6544,6562
6111,"Ventura County, CA",11768,11348,11603,12010,11956,12161,12460,12198,12075,11360,11150,10656,10641,10446,10468,10060,9592,9318,9065,8736,8241,8688,8642,8348,8419
6113,"Yolo County, CA",2246,2319,2383,2434,2404,2453,2648,2522,2669,2483,2427,2341,2451,2491,2394,2402,2423,2272,2135,2057,1957,1967,1927,1896,1811
8001,"Adams County, CO",6143,6394,7098,6291,6489,6740,6933,7207,7217,7127,6786,6722,6744,6529,6861,6761,6672,6610,6293,6204,6034,6199,6266,6338,6531
8005,"Arapahoe County, CO",7167,7331,7753,8030,7852,7714,7956,7843,7835,7778,7512,7368,7557,7677,7619,7960,7910,7574,7401,7467,7307,7672,7674,7505,7696
8013,"Boulder County, CO",3878,3937,3700,3634,3562,3489,3416,3477,3230,3240,3059,2894,3040,2916,2865,2900,2729,2627,2560,2509,2459,2566,2423,2305,2426
8031,"Denver County, CO",10992,11394,11445,11515,11710,11481,11388,10974,11262,10946,10375,10205,9967,10005,10014,10056,10006,9594,9424,9389,9195,9232,8649,8741,9372
8035,"Douglas County, CO",,,,3964,3972,4170,4174,4023,3869,3683,3548,3549,3425,3469,3467,3382,3488,3368,3395,3472,3474,3758,3865,3850,4098
8041,"El Paso County, CO",8301,8513,8554,8523,8118,8635,8870,9015,8720,8697,9159,9132,9124,9138,9397,9458,9490,9493,9107,9037,9180,9249,9096,8866,9144
8059,"Jefferson County, CO",6700,6645,6515,6466,6226,6004,6311,6299,6075,5815,5637,5521,5609,5825,5828,5882,6104,5819,5654,5713,5500,5546,5446,5260,5532
8069,"Larimer County, CO",3254,3280,3269,3474,3353,3423,3506,3470,3480,3500,3351,3305,3383,3373,3462,3485,3375,3313,3219,3141,2946,3110,3062,2886,3113
8077,"Mesa County, CO",,,,1662,1710,1818,1879,2102,2011,2103,1905,1878,1844,1809,1767,1739,1770,1624,1655,1580,1524,1505,1414,1414,1557
8101,"Pueblo County, CO",1945,2008,2061,2007,1976,1946,2147,2160,2130,2063,1940,1849,1926,1856,1938,1794,1883,1776,1829,1802,1715,1661,1702,1709,1634
8123,"Weld County, CO",3171,3155,3532,3862,3859,3877,4110,4030,3913,3923,3792,3743,3854,3919,3901,4339,4306,4250,4243,4384,4350,4540,4768,4831,5062
9001,"Fairfield County, CT",12430,12188,11943,12205,11878,11756,11897,11443,11181,10922,10540,10329,10116,10052,10225,10118,10064,9904,9726,9494,9430,10236,10203,10147,10053
9003,"Hartford County, CT",11262,10653,9901,10658,10495,10431,10445,10434,10325,10044,9736,9580,9468,9315,9496,9252,9442,9204,9239,9021,8693,9041,8951,8727,8780
9005,"Litchfield County, CT",2035,1962,1865,1926,1944,1835,1852,1805,1719,1560,1586,1516,1441,1424,1408,1445,1422,1402,1364,1380,1341,1510,1488,1440,1430
9007,"Middlesex County, CT",1847,1779,1886,1747,1821,1676,1676,1705,1612,1549,1486,1462,1438,1372,1379,1330,1277,1255,1244,1288,1246,1378,1284,1298,1361
9009,"New Haven County, CT",10139,10256,10168,10314,10158,10211,10248,10534,9976,9593,9223,9223,8949,8977,8757,8773,8886,8641,8519,8391,8226,8728,8580,8322,8366
9011,"New London County, CT",2455,3024,3577,3167,3183,3103,3042,3084,2997,2851,2757,2825,2786,2661,2738,2604,2647,2603,2457,2482,2380,2540,2572,2477,2466
9013,"Tolland County, CT",1537,1466,1404,1479,1365,1427,1373,1350,1303,1230,1208,1163,1158,1086,1173,1127,1175,1139,1114,1177,1153,1183,1178,1089,1154
9015,"Windham County, CT",1321,1320,1257,1377,1251,1279,1287,1305,1286,1147,1172,1183,1183,1198,1109,1097,1102,1073,1062,1025,991,1054,1076,1059,989
10001,"Kent County, DE",1942,1883,1886,2066,2006,2162,2207,2232,2333,2287,2227,2158,2193,2124,2160,2186,2190,2121,2145,2064,2096,2071,2179,2133,2064
10003,"New Castle County, DE",7115,6809,7150,7150,7112,7212,7355,7390,7298,6969,6867,6931,6546,6506,6540,6663,6501,6431,6179,6153,6116,6090,6176,5930,6025
10005,"Sussex County, DE",1994,2057,2054,2113,2251,2269,2427,2548,2459,2303,2270,2168,2284,2201,2272,2317,2301,2303,2297,2345,2180,2321,2461,2364,2461
11001,"District of Columbia, DC",7666,7625,7498,7619,7933,7971,8523,8864,9130,9040,9165,9295,9399,9288,9509,9578,9858,9560,9212,9079,8874,8660,8075,7896,7616
12001,"Alachua County, FL",2602,2461,2413,2480,2718,2690,2836,2844,2981,2925,2866,2964,2882,2826,2918,2886,2862,2824,2733,2701,2551,2581,2674,2543,2561
12005,"Bay County, FL",2012,1906,1997,2057,2248,2391,2443,2221,2371,2311,2205,2160,2304,2241,2327,2396,2343,2315,2187,1990,1896,2102,2094,2187,2231
12009,"Brevard County, FL",5015,4789,4807,5017,5221,5393,5609,5735,5471,5167,4967,5177,4987,5086,5264,5246,5273,5201,5309,5185,4922,5066,5238,5279,5471
12011,"Broward County, FL",22093,22384,22134,22489,22911,23131,23431,22926,22244,21395,21349,21088,21186,21563,22219,22311,22563,22322,21928,21725,19946,20311,21295,20143,20124
12015,"Charlotte County, FL",1034,1038,994,1047,1072,1082,1200,1203,1216,990,1014,991,1036,1024,1007,1031,1037,1060,1040,951,1043,1106,1047,1028,1207
12017,"Citrus County, FL",,,,894,924,1023,1134,1175,1119,1092,1043,1084,1039,1022,1016,1017,1064,1108,1025,1028,1055,1036,1001,1062,1046
12019,"Clay County, FL",1830,1955,1858,2091,2099,2238,2359,2420,2274,2205,2135,2096,2081,2091,2083,2228,2209,2197,2182,2235,2107,2222,2315,2251,2302
12021,"Collier County, FL",3067,3484,3600,3730,3893,4074,4292,4097,3739,3537,3339,3202,3148,3156,3289,3256,3322,3182,3199,3117,3166,3211,3476,3465,3495
12025,"Dade County, FL",32306,32424,32125,,,,,,,,,,,,,,,,,,,,,,
12031,"Duval County, FL",12180,12186,12052,12423,12726,12965,13655,13788,13466,13179,12618,12416,12471,12578,12520,13039,13292,13182,12973,13034,12495,12609,12606,12657,12896
12033,"Escambia County, FL",3845,3915,3869,3982,4063,4235,4464,4259,4195,4166,3925,3838,3931,3811,3882,3902,3967,3954,3733,3871,3731,3800,3628,3641,3707
12053,"Hernando County, FL",1176,1242,1218,1248,1404,1496,1593,1651,1586,1612,1461,1554,1389,1488,1489,1601,1585,1552,1617,1565,1589,1619,1647,1721,1871
12057,"Hillsborough County, FL",14673,14866,15088,15299,16047,16773,17490,18002,17391,16728,16412,16464,16425,16625,16855,17568,17325,17416,17126,17174,16589,17179,17221,16868,17128
12061,"Indian River County, FL",,,,1213,1234,1360,1412,1425,1373,1279,1307,1278,1248,1220,1283,1246,1245,1277,1294,1260,1194,1245,1244,1229,1233
12069,"Lake County, FL",2363,2487,2609,2840,3041,3220,3438,3563,3360,3124,3124,2951,3065,3080,3166,3184,3269,3265,3368,3429,3301,3477,3805,3842,3881
12071,"Lee County, FL",5200,5340,5389,5653,5929,6703,7490,7633,7113,6596,6321,6275,6407,6404,6354,6777,6750,6681,6793,6928,6775,7226,7495,7756,8145
12073,"Leon County, FL",2993,2938,2932,3132,3132,3108,3259,3345,3214,3126,3092,3058,3014,3010,3088,3047,2989,3132,2915,2968,2936,2781,2768,2695,2738
12081,"Manatee County, FL",3239,3194,3387,3339,3491,3816,4126,4134,3886,3660,3348,3367,3434,3378,3545,3469,3445,3476,3452,3481,3392,3606,3782,3942,4261
12083,"Marion County, FL",2902,2953,2912,2979,3182,3447,3604,3696,3680,3583,3402,3353,3263,3340,3418,3584,3472,3496,3476,3552,3422,3568,3589,3599,3946
12085,"Martin County, FL",1240,1219,1199,1176,1284,1342,1403,1302,1283,1163,1228,1187,1126,1176,1262,1262,1273,1271,1251,1207,1248,1256,1298,1247,1361
12086,"Miami-Dade County, FL",,,,32542,32066,32388,33746,34300,33686,32479,31353,31366,30512,31189,32011,32438,32697,31818,31032,30258,27675,28119,29765,29516,28150
12091,"Okaloosa County, FL",2363,2387,2455,2543,2712,2732,2782,2790,2642,2650,2532,2642,2606,2772,2831,2830,2784,2682,2717,2706,2558,2693,2591,2505,2658
12095,"Orange County, FL",14078,14241,14144,14919,15351,16560,16945,16870,16580,15398,15191,15402,15743,15835,16227,16715,16653,16890,16919,16622,15707,16061,16722,16274,16432
12097,"Osceola County, FL",2616,2704,2895,3148,3351,3590,3946,4220,4047,3864,3715,3776,3829,3914,4196,4183,4328,4386,4437,4440,4481,4708,4982,4965,5123
12099,"Palm Beach County, FL",13326,13742,13887,14664,15034,15170,15686,15704,15260,14177,13834,13805,13950,14206,14442,14872,14965,15050,15066,14738,14112,14496,15518,15082,14927
12101,"Pasco County, FL",3761,3871,3859,4043,4597,4751,5216,5528,5304,4947,4801,4698,4736,4794,4825,5105,5108,5140,5084,5092,4968,5307,5713,5818,6256
12103,"Pinellas County, FL",9598,9425,8941,9226,9051,9061,9492,9400,9146,8764,8468,8295,8447,8586,8528,8745,8480,8230,8126,7895,7462,7363,7452,7042,7012
12105,"Polk County, FL",6877,6877,6818,7052,7206,7786,8272,8544,7902,7734,7420,7196,7252,7259,7609,7483,7804,7849,7847,8196,7984,8481,9101,9229,9470
12109,"St. Johns County, FL",,,,1484,1552,1763,1766,1853,1786,1792,1815,1814,1897,1992,2150,2157,2120,2135,2242,2208,2148,2371,2514,2527,2641
12111,"St. Lucie County, FL",2251,2228,2289,2447,2863,3005,3532,3624,3362,3141,3077,2998,2948,2990,2972,3099,2999,3019,3123,3107,3024,3365,3731,3730,3894
12113,"Santa Rosa County, FL",,,,1580,1684,1747,1862,1888,1849,1836,1713,1864,1859,1799,1823,1940,1906,1924,1953,1947,1844,2045,2034,1979,1993
12115,"Sarasota County, FL",2718,2787,2844,2987,2942,2995,3153,3302,3029,2929,2818,2948,2913,2804,2958,2907,2926,2824,2878,2885,2653,2902,2982,2983,3192
12117,"Seminole County, FL",4586,4510,4526,4597,4747,4785,4822,4772,4646,4472,4381,4446,4421,4423,4519,4555,4753,4774,4663,4646,4437,4534,4690,4349,4390
12127,"Volusia County, FL",4456,4665,4533,4808,4746,5090,5251,5416,5257,5098,4709,4657,4708,4637,4768,4939,5032,4986,4863,4824,4726,4903,5052,5001,5084
13015,"Bartow County, GA",,,,,,,,0,0,0,0,0,0,0,1329,1304,1338,1307,1173,1299,1303,1327,1329,1376,1501
13021,"Bibb County, GA",2577,2511,2549,2549,2573,2553,2635,2603,2710,2568,2492,2415,2350,2331,2376,2315,2191,2244,2063,2120,2112,2094,2067,1916,2010
13045,"Carroll County, GA",,,,,,,,0,0,0,0,0,0,0,1556,1522,1615,1613,1540,1619,1626,1587,1596,1589,1575
13051,"Chatham County, GA",3534,3664,3630,3657,3761,3780,4039,4056,4133,4241,3818,3998,4093,3897,4021,4149,3975,3712,3557,3677,3500,3639,3667,3576,3687
13057,"Cherokee County, GA",,,,2828,2988,3152,3390,3328,3359,3142,2930,2834,2615,2726,2695,2642,2700,2582,2562,2619,2528,2808,2857,3086,3195
13059,"Clarke County, GA",,,,1453,1509,1614,1663,1657,1646,1589,1528,1468,1502,1390,1391,1376,1392,1386,1351,1299,1301,1410,1282,1334,1309
13063,"Clayton County, GA",4298,4481,4398,4512,4547,4774,4978,5048,4651,4195,4066,3935,3744,3608,3618,3804,3809,3813,3773,3814,3628,3439,3391,3332,3162
13067,"Cobb County, GA",10379,10503,10503,10594,10676,10970,11414,11349,10523,10041,9441,9581,9499,9333,9846,9658,9579,9588,8927,8869,8650,8925,8914,8703,8771
13073,"Columbia County, GA",,,,,,,,0,0,0,0,0,0,0,1548,1662,1831,1666,1817,1658,1656,1790,1694,1640,1643
13077,"Coweta County, GA",,,,,,,,0,0,0,0,0,0,0,1706,1586,1634,1731,1575,1668,1481,1632,1715,1668,1759
13089,"DeKalb County, GA",10930,11084,10597,10694,10588,11126,11458,11764,11402,11463,10857,10800,10932,10828,10887,11095,11060,10933,10785,10327,10158,10040,9934,9483,9452
13097,"Douglas County, GA",,,,,,,,0,0,0,0,0,0,0,1653,1828,1693,1729,1700,1634,1672,1669,1728,1702,1652
13113,"Fayette County, GA",,,,,,,,0,0,0,0,0,0,0,930,866,911,886,867,888,884,893,934,897,923
13117,"Forsyth County, GA",,,,,,,,0,0,0,0,0,0,0,2136,2175,2297,2302,2306,2206,2175,2274,2383,2352,2366
13121,"Fulton County, GA",14085,13735,13526,13599,13282,13366,14162,14839,14954,14251,13988,13945,13329,13189,13741,13579,13123,13363,12652,12590,12104,12252,12258,12357,12311
13135,"Gwinnett County, GA",10369,10951,11534,12330,12749,13265,13814,13588,12924,12230,11344,11197,10824,11105,11303,11519,11365,11442,10855,11034,10560,10766,11215,11135,11268
13139,"Hall County, GA",,,,2923,3038,3010,3031,3210,3143,2855,2621,2590,2523,2466,2523,2741,2574,2616,2496,2573,2483,2606,2736,2805,3087
13151,"Henry County, GA",,,,2593,2820,2842,2880,2877,2905,2807,2679,2546,2606,2516,2701,2591,2511,2581,2705,2758,2643,2772,2968,2770,2845
13153,"Houston County, GA",,,,1794,1807,1893,2034,2040,2100,1971,2007,2042,2005,1994,1865,2033,1956,1908,1967,1985,1919,1922,2031,2002,1979
13185,"Lowndes County, GA",,,,,,,,0,0,0,0,0,0,0,1663,1710,1605,1671,1656,1683,1581,1677,1537,1530,1576
13215,"Muscogee County, GA",3197,2983,2923,2995,2998,2926,3135,3423,3447,3608,3298,3314,3268,3209,3158,3021,2912,2791,2864,2816,2815,2727,2626,2567,2538
13223,"Paulding County, GA",,,,,,,,0,0,0,0,0,0,0,1663,1609,1644,1602,1763,1740,1719,1825,1920,1866,1852
13245,"Richmond County, GA",3329,3322,3094,3190,3183,3168,3362,3397,3305,3328,3006,3001,3200,3302,3161,3054,3061,3003,2918,2977,2879,2756,2811,2730,2733
13313,"Whitfield County, GA",,,,,,,,0,0,0,0,0,0,0,1391,1455,1424,1357,1300,1253,1264,1220,1235,1310,1283
15001,"Hawaii County, HI",2389,2185,2016,2148,2233,2305,2382,2530,2623,2479,2399,2470,2422,2416,2448,2369,2349,2290,2227,2056,2030,2060,2043,2055,2097
15003,"Honolulu County, HI",12651,12392,12868,13246,13321,12976,13724,13575,13767,13352,13732,13588,13676,13639,13219,13265,12983,12487,12168,12129,11331,11069,11015,10474,10491
15009,"Maui County, HI",1765,1715,1866,1892,1899,1914,2034,2157,2150,2171,2014,2002,2017,2060,1985,1898,1882,1883,1828,1832,1697,1676,1689,1566,1590
16001,"Ada County, ID",4868,4829,4935,5110,5213,5419,5701,5788,5705,5238,5045,5151,5075,4982,5120,5126,5045,4842,4861,4929,4883,5084,4955,5086,5355
16019,"Bonneville County, ID",,,,,,,,0,0,0,0,0,0,0,1876,1969,1910,1876,1815,1834,1779,1820,1776,1725,1884
16027,"Canyon County, ID",,,,2952,3197,3222,3484,3708,3516,3220,3155,3021,3096,3092,3219,3175,3129,3065,2918,3046,3197,3256,3375,3431,3586
16055,"Kootenai County, ID",,,,1518,1633,1514,1714,1745,1809,1772,1723,1647,1746,1710,1792,1856,1754,1811,1732,1861,1830,1882,1906,1994,2082
17019,"Champaign County, IL",2320,2363,2228,2292,2292,2493,2456,2509,2483,2410,2348,2396,2376,2386,2436,2399,2395,2295,2254,2230,2105,2097,1994,1895,1909
17031,"Cook County, IL",85397,84271,81580,82098,80014,78601,79365,79333,77764,75783,73079,71163,70275,68930,69579,68848,66779,64374,61797,59031,56119,54113,51918,50764,51230
17037,"DeKalb County, IL",,,,,,,,0,0,0,0,0,0,0,1209,1204,1093,1142,1092,1143,1037,1053,1018,982,1016
17043,"DuPage County, IL",13551,13404,12825,12904,12619,12388,11869,11640,11315,10821,10768,10772,10530,10592,10737,10891,10832,10337,10298,9988,9367,9770,9739,9552,9497
17089,"Kane County, IL",7852,8043,8278,8391,8562,8594,8548,8410,8205,7698,7230,6953,6855,6766,6834,6688,6710,6339,6337,5976,5637,5620,5495,5504,5470
17091,"Kankakee County, IL",,,,1488,1487,1533,1639,1644,1506,1521,1434,1367,1346,1356,1317,1328,1354,1289,1237,1256,1151,1154,1149,1069,1111
17093,"Kendall County, IL",,,,,,,,0,0,0,0,0,0,0,1637,1624,1595,1481,1516,1548,1403,1580,1522,1500,1445
17097,"Lake County, IL",10571,10705,10367,10472,10275,9944,9882,9838,9478,9002,8444,8081,8017,7849,7883,7718,7660,7607,7095,6986,6611,6857,6730,6436,6503
17099,"LaSalle County, IL",1488,1435,1385,1398,1367,1331,1366,1340,1371,1286,1260,1219,1119,1132,1225,1288,1262,1180,1092,1130,1068,1133,1123,1047,1070
17111,"McHenry County, IL",4062,4144,4221,4156,4378,4239,4231,4120,3822,3723,3432,3363,3248,3164,3266,3266,3090,3185,2987,3063,2986,3099,3158,2976,3058
17113,"McLean County, IL",1991,2042,2100,2135,2215,2175,2211,2273,2156,2134,2121,2090,2169,2141,2030,2129,2020,2004,1817,1769,1699,1695,1628,1610,1568
17115,"Macon County, IL",1445,1447,1466,1383,1347,1396,1445,1416,1418,1459,1429,1310,1376,1348,1367,1372,1327,1298,1269,1253,1253,1175,1167,1032,1064
17119,"Madison County, IL",3378,3254,3381,3442,3350,3314,3399,3349,3443,3276,3234,3235,3115,3093,3097,3082,3051,2892,2865,2747,2596,2794,2657,2616,2470
17143,"Peoria County, IL",2687,2585,2604,2604,2660,2581,2692,2829,2710,2807,2564,2643,2689,2667,2772,2684,2536,2533,2504,2354,2234,2149,2080,1966,2088
17161,"Rock Island County, IL",1922,1961,1957,1899,1962,1975,1873,2013,2003,1992,1968,1866,1880,1787,1847,1970,1776,1668,1731,1626,1586,1558,1513,1494,1510
17163,"St. Clair County, IL",3775,3697,3638,3679,3724,3653,3878,3840,3822,3718,3498,3496,3407,3341,3411,3422,3228,3221,3109,3008,2879,2748,2592,2379,2449
17167,"Sangamon County, IL",2646,2555,2460,2571,2591,2494,2495,2588,2482,2439,2481,2406,2323,2307,2242,2314,2245,2289,2240,2099,2165,2062,1993,2010,1870
17179,"Tazewell County, IL",1586,1573,1619,1592,1609,1625,1678,1719,1736,1584,1606,1644,1644,1594,1601,1551,1496,1450,1391,1350,1256,1298,1224,1294,1228
17197,"Will County, IL",8216,8673,8959,9456,9629,9928,10055,10026,9696,9134,8561,8096,7988,7647,7947,7803,7804,7427,7318,7216,6823,6987,6987,6835,6744
17201,"Winnebago County, IL",4020,3939,3973,3997,3988,3915,4103,4232,4178,3962,3783,3663,3590,3532,3651,3621,3711,3501,3497,3448,3373,3283,3287,3049,3125
18003,"Allen County, IN",5207,5377,5163,5216,5324,5291,5451,5450,5509,5475,5309,5255,5248,5082,5232,5269,5151,5206,5240,5302,5198,5269,5150,5100,5276
18019,"Clark County, IN",,,,,,,,0,0,0,0,0,0,0,1484,1492,1448,1474,1396,1411,1356,1445,1479,1433,1535
18035,"Delaware County, IN",1435,1370,1302,1343,1310,1305,1225,1337,1269,1307,1245,1291,1225,1278,1231,1188,1174,1126,1072,1052,1067,1122,1051,1062,1067
18039,"Elkhart County, IN",3305,3125,3004,3180,3246,3479,3500,3572,3431,3157,3013,2975,3048,2969,3112,3188,3126,3087,3117,3032,2898,2926,2974,2857,2801
18057,"Hamilton County, IN",3169,3181,3433,3615,3650,3702,3702,3926,3914,3866,3786,3886,3684,3877,3853,3867,3798,3835,3724,3683,3595,3996,3891,3905,4060
18063,"Hendricks County, IN",,,,1476,1547,1601,1633,1859,1848,1787,1726,1805,1653,1722,1794,1760,1760,1720,1619,1656,1709,1814,1933,1857,1916
18081,"Johnson County, IN",,,,1710,1772,1684,1839,1913,1908,1856,1772,1856,1858,1810,1799,1866,1871,1814,1877,1852,1817,1878,1913,1885,2009
18089,"Lake County, IN",7056,6949,6827,6953,6966,6869,6944,6766,6683,6723,6492,6179,5984,6022,6109,5925,5657,5601,5785,5682,5442,5437,5256,5096,4952
18091,"La Porte County, IN",1442,1402,1363,1301,1329,1365,1335,1437,1413,1381,1304,1338,1287,1316,1325,1337,1305,1272,1271,1175,1144,1169,1084,1084,1068
18095,"Madison County, IN",1648,1707,1605,1597,1633,1652,1594,1673,1601,1631,1612,1548,1458,1541,1430,1509,1506,1396,1409,1415,1418,1407,1481,1398,1455
18097,"Marion County, IN",14691,14472,14653,14744,14897,14699,15657,15441,15339,15361,14598,14572,14588,14352,14647,14495,14294,14389,14036,14048,13702,13761,14412,14368,14607
18105,"Monroe County, IN",1246,1280,1237,1230,1274,1310,1281,1385,1297,1285,1316,1286,1299,1267,1310,1359,1301,1249,1246,1084,1118,1126,1012,988,1010
18127,"Porter County, IN",1839,1846,1802,1870,1824,1797,1862,1897,1862,1792,1727,1758,1779,1768,1812,1708,1750,1642,1677,1643,1594,1646,1592,1505,1600
18141,"St. Joseph County, IN",3969,3858,3779,3702,3841,3828,3990,3764,3834,3561,3505,3538,3494,3559,3489,3488,3577,3497,3538,3436,3251,3276,3209,3115,3102
18157,"Tippecanoe County, IN",1931,1919,1942,2010,2073,2081,2154,2330,2321,2232,2148,2209,2318,2218,2338,2387,2359,2240,2158,2067,2094,2025,1977,1781,1818
18163,"Vanderburgh County, IN",2340,2294,2300,2356,2350,2444,2501,2471,2329,2346,2347,2259,2365,2264,2236,2223,2269,2128,2115,2175,2133,2150,2093,2147,2148
18167,"Vigo County, IN",1384,1275,1286,1299,1308,1280,1371,1341,1324,1258,1309,1307,1280,1284,1315,1283,1288,1224,1131,1188,1127,1132,1102,1086,1093
19013,"Black Hawk County, IA",1553,1598,1602,1548,1716,1684,1777,1731,1774,1746,1689,1633,1729,1689,1774,1781,1671,1732,1632,1645,1642,1627,1579,1539,1530
19103,"Johnson County, IA",,,,1515,1560,1458,1615,1652,1719,1713,1797,1731,1832,1767,1824,1805,1857,1751,1735,1738,1625,1655,1691,1690,1614
19113,"Linn County, IA",2717,2846,2751,2755,2760,2784,2870,2845,2847,2900,2768,2732,2724,2705,2805,2855,2800,2799,2731,2738,2609,2573,2582,2508,2566
19153,"Polk County, IA",6221,6111,6141,6373,6322,6567,6911,6918,6723,6694,6528,6504,6734,6770,6948,7023,6921,6943,6655,6551,6283,6488,6438,6280,6577
19163,"Scott County, IA",2348,2214,2275,2234,2299,2318,2250,2343,2231,2339,2224,2276,2201,2270,2273,2234,2213,2117,2096,2086,1999,1869,1908,1873,1889
19193,"Woodbury County, IA",,,,1625,1634,1579,1697,1622,1670,1598,1553,1593,1506,1541,1567,1492,1549,1416,1393,1483,1435,1401,1435,1392,1403
20045,"Douglas County, KS",,,,,,,,0,0,0,0,0,0,0,1219,1328,1177,1134,1116,1090,1020,1059,960,978,968
20091,"Johnson County, KS",6992,7019,7244,7483,7655,7607,7740,7909,7853,7573,7399,7357,7443,7328,7403,7541,7360,7223,7140,6948,6830,7028,6913,6882,6763
20173,"Sedgwick County, KS",7837,7413,7587,7574,7803,7790,7940,8255,8271,8292,8083,7818,7899,7496,7359,7291,7309,6924,6733,6737,6520,6517,6707,6474,6491
20177,"Shawnee County, KS",2464,2429,2524,2461,2498,2539,2567,2619,2566,2461,2501,2466,2433,2356,2341,2276,2189,2074,2123,2112,1994,1956,1904,1879,1921
20209,"Wyandotte County, KS",2810,2780,2924,2773,2788,2792,2929,2897,2856,2865,2760,2730,2773,2681,2789,2762,2695,2541,2614,2610,2478,2307,2353,2373,2323
21015,"Boone County, KY",,,,,,,,0,0,0,0,0,0,0,1714,1670,1681,1716,1695,1664,1666,1746,1696,1692,1708
21067,"Fayette County, KY",3702,3714,3621,3770,3899,3880,4007,4068,4045,4017,3924,3970,4040,4071,4124,4044,4090,3912,3921,3829,3676,3666,3706,3652,3788
21093,"Hardin County, KY",,,,,,,,0,0,0,0,0,0,0,1595,1447,1441,1449,1431,1342,1397,1436,1268,1290,1310
21111,"Jefferson County, KY",10130,9775,9713,9778,9833,9857,10419,10633,10566,10432,10204,10086,9938,9959,10011,10147,9889,9908,9584,9560,9480,9374,9505,9734,9866
21117,"Kenton County, KY",2447,2278,2326,2417,2365,2379,2483,2572,2494,2525,2394,2361,2374,2284,2369,2319,2329,2331,2191,2205,2180,2161,2174,2148,2221
21227,"Warren County, KY",,,,,,,,0,0,0,0,0,0,0,1603,1665,1640,1714,1732,1738,1704,1817,1890,1798,1866
22005,"Ascension Parish, LA",,,,,,,,0,0,0,0,0,0,0,1748,1663,1751,1704,1687,1656,1655,1684,1687,1670,1550
22015,"Bossier Parish, LA",,,,,,,,0,0,0,0,0,0,0,1847,1881,1751,1627,1693,1654,1618,1603,1702,1561,1507
22017,"Caddo Parish, LA",3839,3711,3707,3583,3683,3627,3830,3955,3933,3934,3892,3843,3851,3835,3661,3570,3364,3231,3072,3151,2923,2815,2798,2767,2577
22019,"Calcasieu Parish, LA",2803,2723,2729,2777,2705,2650,2879,2838,2834,2850,2600,2678,2780,2728,2755,2877,3034,2987,3057,2970,2666,2568,2520,2525,2522
22033,"East Baton Rouge Parish, LA",6213,5978,5851,5737,5722,5695,6352,6288,6414,6418,6084,5995,6086,6141,6153,6212,6125,5975,5780,5730,5583,5679,5613,5384,5126
22051,"Jefferson Parish, LA",6474,6273,6126,6292,6285,5355,5677,6251,6118,5918,5858,5654,5680,5596,5912,6082,5887,5835,5649,5755,5300,5308,5417,5069,5033
22055,"Lafayette Parish, LA",2836,2865,2947,2959,2974,2915,3155,3160,3208,3357,3089,3088,3305,3497,3462,3505,3369,3339,3242,3203,3296,3388,3285,3284,3430
22063,"Livingston Parish, LA",,,,,,,,0,0,0,0,0,0,0,1860,1905,1921,1828,1771,1765,1847,1884,1891,1841,1930
22071,"Orleans Parish, LA",7586,7242,7072,6923,6860,4623,2652,4093,4321,4606,4598,4624,4699,4867,5066,5068,4835,4619,4656,4664,4375,4169,4045,3822,3769
22073,"Ouachita Parish, LA",2372,2235,2263,2256,2343,2259,2412,2450,2420,2403,2203,2334,2243,2258,2342,2266,2224,2152,2063,2052,1954,2048,1958,1977,1887
22079,"Rapides Parish, LA",1989,1886,1861,1899,1879,1915,2028,2049,1962,1957,1743,1825,1790,1794,1921,1822,1840,1724,1717,1638,1638,1693,1576,1558,1533
22103,"St. Tammany Parish, LA",2728,2696,2768,2921,2962,2682,3102,3210,2993,2810,2741,2622,2675,2854,2963,3013,3089,2865,2932,2859,2938,3078,2891,2810,2695
22105,"Tangipahoa Parish, LA",,,,1564,1611,1640,1934,1906,1930,1835,1834,1851,1931,1936,1938,1986,1984,1986,1916,1882,1937,1968,1915,1952,1829
22109,"Terrebonne Parish, LA",,,,1697,1719,1579,1759,1802,1755,1744,1675,1649,1534,1705,1730,1760,1570,1544,1506,1373,1424,1376,1272,1238,1195
23001,"Androscoggin County, ME",1136,1272,1256,1334,1290,1341,1411,1424,1408,1386,1342,1358,1313,1251,1250,1267,1247,1241,1240,1162,1096,1123,1178,1115,1152
23005,"Cumberland County, ME",2987,3002,2967,3044,3015,3048,3090,2978,2918,2825,2777,2688,2767,2875,2849,2722,2830,2733,2717,2680,2753,2871,2916,2784,2672
23011,"Kennebec County, ME",1247,1301,1196,1209,1267,1222,1251,1268,1220,1279,1201,1182,1210,1097,1236,1208,1164,1132,1161,1109,1060,1102,1096,1027,1018
23019,"Penobscot County, ME",1541,1561,1502,1580,1558,1655,1589,1651,1551,1575,1515,1450,1456,1477,1431,1429,1483,1433,1376,1247,1204,1299,1351,1201,1309
23031,"York County, ME",2105,2107,2076,2147,2170,2133,2033,2102,2012,1921,1893,1847,1881,1824,1837,1894,1898,1812,1865,1794,1725,1852,1873,1826,1854
24003,"Anne Arundel County, MD",6527,6646,6532,6715,6573,6529,6909,6957,6909,6932,7063,6814,6862,6817,6972,6936,6967,6898,6781,6821,6816,7004,6906,6504,6736
24005,"Baltimore County, MD",9063,8571,8672,9145,9263,9674,9950,10480,10414,10021,9889,9888,9586,9524,10079,9991,9838,9844,9787,9625,9352,9377,9298,9119,8906
24013,"Carroll County, MD",2059,2010,2026,2039,2062,2027,1978,1974,1837,1690,1605,1559,1618,1555,1602,1696,1737,1570,1776,1653,1663,1807,1789,1626,1663
24015,"Cecil County, MD",,,,,,,,0,0,0,0,0,0,0,1135,1177,1106,1145,1155,1166,1097,1129,1132,1202,1123
24017,"Charles County, MD",1693,1697,1698,1834,1778,1786,1882,1930,1869,1758,1797,1835,1919,1806,1862,1846,1812,1842,1863,1873,1790,1844,1832,1745,1729
24021,"Frederick County, MD",2802,2784,2886,2994,2889,2938,3001,2994,2896,2784,2852,2763,2741,2722,2815,2824,2839,2721,2969,2934,2965,3194,3093,3182,3231
24025,"Harford County, MD",2918,2857,2864,2847,2940,2913,2995,2981,2950,2816,2709,2700,2638,2705,2706,2720,2699,2624,2638,2689,2574,2628,2648,2629,2490
24027,"Howard County, MD",3540,3648,3474,3579,3474,3316,3371,3460,3416,3334,3372,3391,3454,3377,3554,3564,3569,3528,3405,3351,3350,3250,3162,2943,3020
24031,"Montgomery County, MD",13268,13262,13370,13624,13663,13599,13903,13849,13728,13599,13304,13140,13117,13067,13267,13203,13123,12681,12401,12064,11696,11532,11782,10975,10948
24033,"Prince George's County, MD",12313,12210,12297,12571,12203,12540,12660,12877,12609,12185,12185,12131,11947,11861,12264,12321,12296,12393,12159,11803,11302,10785,11021,10527,10406
24037,"St. Mary's County, MD",,,,,,,,0,0,0,0,0,0,0,1479,1443,1425,1352,1328,1369,1381,1411,1422,1309,1337
24043,"Washington County, MD",1591,1619,1690,1681,1703,1766,1891,1973,1821,1750,1768,1701,1770,1704,1815,1703,1694,1638,1686,1657,1683,1593,1624,1591,1617
24510,"Baltimore city, MD",10213,9811,9643,9504,9564,9414,9984,9712,9899,9544,8956,8894,9122,8836,8869,8660,8504,7941,7681,7707,7403,7233,7259,6696,7014
25001,"Barnstable County, MA",1996,2069,1971,2010,1934,1985,1904,1987,1835,1791,1714,1611,1589,1504,1531,1475,1601,1546,1496,1474,1414,1492,1528,1503,1472
25003,"Berkshire County, MA",1205,1230,1234,1273,1300,1275,1240,1239,1219,1136,1174,1170,1150,1054,1086,1030,1027,993,1002,887,924,972,862,890,861
25005,"Bristol County, MA",6753,6632,6682,6671,6658,6573,6643,6407,6204,6172,5872,5793,5683,5673,5577,5676,5643,5733,5487,5548,5541,5767,5649,5540,5708
25009,"Essex County, MA",9563,9667,9583,9557,9351,9068,9030,9044,8859,8827,8317,8535,8354,8453,8441,8544,8386,8655,8377,8492,8147,8491,8536,8523,8818
25013,"Hampden County, MA",5879,5720,5729,5781,5746,5698,5794,5812,5782,5667,5416,5588,5375,5289,5229,5134,4956,4975,4926,4777,4758,4845,4721,4586,4659
25015,"Hampshire County, MA",1272,1297,1311,1299,1225,1189,1234,1259,1239,1106,1171,1082,1118,1109,1063,1035,1009,1003,948,982,903,963,917,863,852
25017,"Middlesex County, MA",19393,18834,18795,18468,17915,17579,17806,18328,18377,17996,17749,17568,17673,17520,17592,17304,17198,16736,16603,16324,15762,16047,16308,15478,15984
25021,"Norfolk County, MA",8567,8199,8332,8351,8038,7604,7693,7665,7615,7133,7122,7325,7176,7213,7317,7206,7341,7134,7033,7258,6773,7298,7153,6819,6881
25023,"Plymouth County, MA",6423,6407,6451,6303,6233,5983,5891,5841,5706,5309,5166,5105,5081,5080,5158,5251,5135,5189,5028,5232,4942,5473,5339,5302,5395
25025,"Suffolk County, MA",9561,9772,9513,9364,9326,9083,9533,9552,9739,9591,9428,9687,9559,9440,9386,9360,9384,9359,9072,8792,8397,8206,8246,8176,8281
25027,"Worcester County, MA",10012,10262,10066,10110,9789,9834,9913,9736,9452,9295,8790,8772,8722,8572,8624,8589,8678,8513,8335,8491,8103,8717,8482,8628,8514
26005,"Allegan County, MI",,,,1454,1507,1476,1591,1517,1450,1471,1362,1347,1358,1300,1389,1366,1364,1306,1416,1305,1197,1228,1214,1181,1219
26017,"Bay County, MI",1289,1348,1293,1224,1272,1249,1253,1247,1198,1184,1171,1136,1054,1043,1036,1028,1061,1009,947,925,924,931,934,841,890
26021,"Berrien County, MI",2235,2141,2034,2126,2037,2093,2124,2047,2018,1957,1965,1881,1972,1865,1884,1794,1720,1737,1674,1611,1525,1564,1444,1401,1467
26025,"Calhoun County, MI",1874,1903,1855,1962,1840,1893,1799,1924,1770,1704,1646,1623,1698,1699,1660,1653,1660,1535,1537,1471,1480,1536,1473,1323,1486
26045,"Eaton County, MI",,,,1228,1186,1161,1119,1151,1135,1157,1126,1162,1119,1124,1159,1177,1139,1097,1106,1094,1021,1089,1020,1026,945
26049,"Genesee County, MI",6360,6322,6219,6277,6223,6006,6086,6038,5683,5404,5240,5017,4985,5021,4999,4761,4819,4739,4558,4582,4335,4461,4306,4002,4113
26065,"Ingham County, MI",3781,3704,3590,3752,3661,3622,3640,3561,3539,3349,3352,3352,3404,3274,3469,3262,3414,3237,3049,3056,2943,2918,2834,2683,2774
26075,"Jackson County, MI",2122,2024,2005,2070,2161,2096,2006,2018,1943,1850,1878,1817,1783,1723,1871,1725,1778,1772,1741,1661,1704,1673,1609,1501,1509
26077,"Kalamazoo County, MI",3189,3173,3062,3170,3123,3122,3107,3266,3149,3071,3124,3028,3132,3167,3152,3160,3163,3033,3074,2991,2760,2758,2652,2552,2526
26081,"Kent County, MI",9598,9313,9093,9348,9386,9401,9395,9550,9040,8894,8596,8803,8975,8851,8928,8842,8811,8697,8648,8174,8238,8256,8014,7889,8014
26093,"Livingston County, MI",2063,2043,1962,2012,2038,2000,1929,1801,1737,1664,1706,1699,1669,1674,1751,1793,1783,1764,1704,1769,1656,1747,1698,1649,1771
26099,"Macomb County, MI",10336,10108,10054,10335,10041,9983,10131,9790,9705,9299,9108,9036,9091,9381,9327,9413,9416,9240,9171,9118,8851,8777,8684,8523,8514
26115,"Monroe County, MI",1859,1794,1777,1797,1759,1735,1759,1728,1652,1714,1591,1587,1530,1513,1522,1501,1526,1482,1468,1514,1552,1508,1533,1352,1469
26121,"Muskegon County, MI",2393,2429,2313,2374,2294,2391,2364,2382,2386,2280,2171,2159,2069,2128,2084,2075,2127,2125,2051,1955,1889,1867,1855,1864,1779
26125,"Oakland County, MI",16266,15872,15280,15404,15264,14626,14398,14122,13844,13397,13091,13381,13347,13486,13484,13597,13665,13235,13182,12899,12297,12848,12439,12066,12269
26139,"Ottawa County, MI",3667,3632,3486,3549,3550,3526,3531,3510,3429,3243,3374,3361,3301,3363,3394,3297,3441,3264,3138,3226,3084,3154,3066,3021,3144
26145,"Saginaw County, MI",2831,2769,2657,2639,2651,2671,2552,2468,2455,2422,2295,2264,2332,2278,2255,2242,2190,2244,2182,2117,1989,2012,1898,1874,1819
26147,"St. Clair County, MI",2181,2008,2027,2139,2088,2004,2011,1926,1813,1778,1620,1686,1558,1547,1598,1519,1589,1462,1543,1529,1496,1440,1451,1427,1422
26161,"Washtenaw County, MI",4137,4201,4203,4217,4229,4236,4265,3977,3841,3782,3819,3780,3699,3653,3715,3690,3692,3536,3527,3558,3187,3306,3242,3072,2946
26163,"Wayne County, MI",31149,30557,29281,28878,28283,27467,27412,26438,25770,24669,24209,23727,23141,23606,23383,23488,23149,23279,22910,22559,21800,21470,20958,20065,19763
27003,"Anoka County, MN",4325,4334,4254,4340,4423,4357,4461,4533,4374,4275,4191,4066,4035,4217,4169,4278,4223,4215,4241,4186,3995,4190,4068,3923,3944
27037,"Dakota County, MN",5312,5139,5323,5402,5542,5423,5665,5593,5574,5454,5176,5102,5266,5146,5321,5266,5291,5147,5140,5177,4951,5033,4919,4773,4758
27053,"Hennepin County, MN",16558,16545,16111,16445,16721,16348,16781,16882,16574,16341,15974,15945,16344,16593,16784,16847,16495,16322,15845,15431,14837,14719,14476,13842,14202
27109,"Olmsted County, MN",1899,1880,2001,2079,2153,2177,2212,2358,2295,2191,2143,2218,2078,2164,2261,2163,2122,2113,2035,2029,1918,1987,1992,1905,1867
27123,"Ramsey County, MN",7586,7452,7347,7423,7269,7311,7581,7694,7781,7582,7281,7557,7768,7837,7913,7838,7731,7686,7517,7158,6943,6641,6649,6365,6266
27137,"St. Louis County, MN",2046,2009,2004,2142,2103,2105,2171,2109,2163,2146,2044,2061,2076,2021,2072,1956,1976,1989,1813,1901,1763,1842,1806,1687,1703
27139,"Scott County, MN",,,,,,,,0,0,0,0,0,0,0,1864,1829,1893,1835,1717,1691,1641,1726,1724,1577,1671
27145,"Stearns County, MN",1746,1744,1758,1838,1839,1885,1991,1997,1962,1992,1924,1928,1864,2008,1939,1993,2038,2054,2057,1989,1987,1965,2103,1961,2002
27163,"Washington County, MN",2810,2785,2883,2931,2855,2870,2960,2947,2891,2780,2876,2817,2789,2850,2884,2804,2898,2724,2732,2702,2668,2796,2842,2692,2739
27171,"Wright County, MN",,,,,,,,0,0,0,0,0,0,0,1799,1760,1787,1706,1767,1687,1734,1863,1871,1897,1889
28033,"DeSoto County, MS",,,,1842,1978,2028,2195,2237,2330,2172,2034,2049,2064,2040,2098,2143,2191,2128,2139,2123,2197,2258,2187,2304,2138
28047,"Harrison County, MS",2990,2840,2957,2912,3009,2749,2655,2953,2955,2834,2758,2849,2758,2731,2877,2741,2790,2673,2662,2649,2458,2432,2452,2445,2389
28049,"Hinds County, MS",4013,3843,3814,3970,3929,3976,4143,3987,3866,3721,3536,3438,3351,3327,3336,3343,3123,3126,3041,3028,2868,2753,2632,2605,2361
28059,"Jackson County, MS",1930,1869,1796,1805,1897,1711,1936,1958,1898,1801,1707,1672,1529,1615,1676,1637,1651,1661,1606,1574,1567,1588,1538,1448,1551
28121,"Rankin County, MS",,,,1921,1878,1969,2090,2165,2034,1978,1953,2015,1872,1913,1845,1847,1802,1732,1744,1736,1699,1720,1775,1825,1660
29019,"Boone County, MO",1786,1726,1797,1876,1942,1944,2049,2133,2067,2145,2003,2111,2135,2166,2138,2079,2093,2072,2050,2075,1980,1924,2008,1824,1897
29047,"Clay County, MO",2681,2872,2829,2957,2890,3043,3175,3209,3319,3196,3126,2995,3117,3038,3085,3036,2962,3040,3105,3087,2990,2960,2986,2823,2939
29071,"Franklin County, MO",,,,,,,,0,0,0,0,0,0,0,1211,1240,1248,1256,1174,1222,1101,1117,1119,1125,1172
29077,"Greene County, MO",3102,3007,3084,3222,3270,3450,3414,3784,3642,3542,3537,3555,3578,3506,3624,3565,3579,3339,3309,3421,3242,3268,3276,3155,3387
29095,"Jackson County, MO",10124,10233,10170,10143,10310,10367,10703,10648,10527,10361,9781,9613,9648,9491,9618,9348,9408,9291,9065,8838,8776,8415,8566,8593,8574
29097,"Jasper County, MO",,,,1704,1710,1834,1796,1879,1848,1783,1783,1688,1748,1687,1677,1669,1669,1596,1570,1542,1519,1567,1609,1573,1557
29099,"Jefferson County, MO",2755,2642,2677,2861,2764,2914,3027,2955,2820,2859,2749,2662,2702,2641,2529,2581,2633,2516,2545,2506,2385,2414,2327,2368,2387
29183,"St. Charles County, MO",4248,4179,4279,4510,4512,4490,4612,4675,4743,4656,4593,4540,4440,4549,4539,4541,4487,4459,4306,4305,4073,4221,4251,3969,4107
29189,"St. Louis County, MO",12876,12390,12124,12210,12181,11977,12425,12047,11696,11784,11682,11934,11560,11524,11726,11689,11692,11374,11368,11392,10584,10498,10480,9700,9937
29510,"St. Louis city, MO",5434,5297,5167,5291,5243,5115,5382,5348,5747,5135,4812,4962,4685,4703,4688,4574,4317,4138,4127,3951,3791,3716,3342,3242,3142
30063,"Missoula County, MT",,,,,,,,0,0,0,0,0,0,0,1212,1264,1187,1138,1063,1074,1063,1095,1106,1007,1084
30111,"Yellowstone County, MT",1698,1720,1770,1792,1867,1874,1982,1953,2002,1986,1947,1975,2079,1935,2032,2042,1935,1898,1808,1866,1829,1838,1853,1852,1788
31055,"Douglas County, NE",7564,7702,7969,7996,8352,8524,8586,8655,8535,8616,8205,8275,8421,8371,8722,8715,8832,8305,8342,8043,7889,7899,8032,7762,8080
31109,"Lancaster County, NE",3758,3708,3821,4044,4126,4068,4096,4170,4225,4161,4152,3950,4115,4031,4114,4069,4019,3925,3893,3670,3714,3764,3616,3623,3731
31153,"Sarpy County, NE",2099,2203,2335,2337,2373,2432,2487,2570,2605,2662,2562,2606,2586,2539,2615,2542,2464,2589,2386,2446,2423,2383,2397,2351,2406
32003,"Clark County, NV",22304,22913,23815,24790,26152,27702,29797,30772,29687,28221,26752,26494,25991,26037,26798,27139,27388,26949,26773,26266,25330,25193,24924,23771,24036
32031,"Washoe County, NV",5010,5089,5350,5404,5508,5695,6157,6189,5756,5533,5445,5233,5308,5330,5385,5517,5387,5210,5399,5216,4955,5086,4916,4844,4991
33011,"Hillsborough County, NH",5016,5021,5043,4911,5000,5025,4976,4926,4808,4644,4488,4525,4262,4247,4193,4178,4240,4178,4144,4135,4081,4264,4168,4152,4080
33013,"Merrimack County, NH",1485,1614,1521,1507,1562,1497,1606,1571,1482,1436,1402,1378,1345,1340,1280,1432,1284,1305,1305,1213,1276,1345,1337,1252,1256
33015,"Rockingham County, NH",3379,3329,3255,3325,3227,3231,3050,2924,2748,2671,2549,2534,2551,2605,2681,2667,2654,2669,2650,2652,2648,2917,2765,2757,2645
33017,"Strafford County, NH",1336,1446,1386,1332,1415,1425,1365,1343,1354,1399,1283,1267,1222,1277,1197,1224,1211,1180,1143,1144,1170,1231,1124,1117,1131
34001,"Atlantic County, NJ",3403,3448,3559,3470,3541,3633,3633,3624,3665,3687,3285,3470,3310,3173,3081,2968,2836,2804,2797,2839,2823,2742,2698,2750,2724
34003,"Bergen County, NJ",10928,10543,10560,10742,10483,9873,9885,10062,9760,9514,9360,9142,9156,9249,9429,9499,9464,9339,9152,9006,8653,9127,9317,8897,9019
34005,"Burlington County, NJ",5116,5278,5384,5504,5524,5285,5311,5323,5078,4956,4765,4754,4471,4482,4479,4422,4419,4424,4365,4419,4376,4655,4733,4689,4571
34007,"Camden County, NJ",7105,7012,6823,7016,7003,7292,7277,7418,7135,6976,6742,6529,6403,6343,6289,6235,6226,6022,6157,6123,5933,6323,6124,5907,5883
34009,"Cape May County, NJ",,,,1022,896,965,915,973,902,997,919,936,930,841,0,0,0,0,0,0,0,0,0,0,0
34011,"Cumberland County, NJ",2032,2100,2087,2177,2278,2443,2404,2550,2530,2362,2340,2204,2106,1947,2109,1992,1876,1839,1917,1832,1819,1785,1831,1817,1810
34013,"Essex County, NJ",12179,12275,12121,12181,12089,11557,11920,11993,11697,11308,10465,10561,10516,10260,10266,10325,10442,10298,10425,9917,9652,9723,10147,9805,9982
34015,"Gloucester County, NJ",3216,3112,3090,3403,3344,3344,3536,3479,3225,3346,3234,3178,3052,2984,3114,2935,2837,2891,2762,2923,2727,3014,3050,2977,2912
34017,"Hudson County, NJ",8873,8871,8734,8902,8916,9089,9449,9665,9799,9880,10064,10355,10315,10206,10166,10437,10383,10165,10234,9975,9544,9118,9042,8655,9048
34019,"Hunterdon County, NJ",1428,1475,1504,1403,1323,1327,1280,1166,1165,977,995,953,888,874,920,922,927,952,968,997,994,1053,1113,1025,1116
34021,"Mercer County, NJ",4705,4648,4599,4539,4657,4557,4671,4771,4696,4576,4442,4296,4278,4184,4263,4125,4280,4081,3999,4103,3985,4114,4203,4103,4098
34023,"Middlesex County, NJ",10478,10559,10514,10916,10479,10432,10712,10887,10591,10211,10067,9902,9890,9296,9566,9241,9332,9123,8872,8516,8426,8649,8552,8364,8294
34025,"Monmouth County, NJ",8127,8167,7981,8161,7680,7583,7528,7265,6946,6674,6392,6245,6190,6034,5869,5952,5960,5737,5888,5664,5852,6176,6444,6401,6382
34027,"Morris County, NJ",6465,6504,6216,6384,6136,5742,5712,5472,5298,5037,4852,4696,4630,4562,4623,4717,4633,4636,4487,4486,4580,4881,5098,4929,5027
34029,"Ocean County, NJ",6556,6957,7040,7451,7676,7830,7761,8223,7998,8095,7945,8132,8014,8009,8401,8537,8566,8597,9015,9028,9316,10234,10225,10523,10817
34031,"Passaic County, NJ",7903,7868,7698,7751,7658,7647,7626,7904,7522,7391,7187,7148,6968,6934,6776,7004,6842,6790,6542,6394,6260,6253,6414,6272,6144
34035,"Somerset County, NJ",4397,4450,4476,4430,4235,4155,3989,4002,3800,3705,3533,3387,3431,3347,3289,3278,3251,3068,3210,3057,2927,3168,3275,3301,3222
34037,"Sussex County, NJ",1771,1793,1657,1754,1639,1612,1670,1557,1547,1402,1424,1358,1234,1260,1256,1189,1180,1213,1203,1209,1299,1375,1447,1433,1339
34039,"Union County, NJ",7712,7555,7567,7646,7577,7351,7592,7621,7368,7309,7068,6836,6770,6869,6775,6823,6756,6859,6777,6653,6369,6599,6703,6714,6548
34041,"Warren County, NJ",,,,1353,1355,1280,1328,1294,1172,1130,1054,1068,978,1021,970,968,958,935,1020,968,1018,1080,992,1059,1076
35001,"Bernalillo County, NM",8305,8363,8748,8699,9125,9302,9639,9788,9455,9153,8607,8498,8385,8115,8047,7920,7574,7436,7078,7005,6545,6477,6560,6169,6375
35013,"Dona Ana County, NM",3034,3015,3078,3209,3264,3324,3360,3396,3245,3299,3251,3169,2997,2940,2876,2939,2839,2674,2587,2631,2471,2590,2671,2505,2520
35043,"Sandoval County, NM",,,,,,,,0,0,0,0,0,0,0,1499,1410,1464,1412,1390,1380,1321,1294,1280,1260,1372
35045,"San Juan County, NM",,,,1972,2000,2067,2193,2229,2320,2168,1942,1914,1869,1905,1845,1819,1726,1472,1444,1430,1337,1282,1311,1178,1203
35049,"Santa Fe County, NM",,,,1651,1592,1662,1690,1684,1686,1454,1511,1376,1359,1310,1324,1252,1290,1222,1180,1176,1106,1129,1103,1086,1127
36001,"Albany County, NY",3292,3215,3228,3225,3064,3231,3082,3161,3085,3121,3032,3076,3087,3085,3109,3095,3045,3083,2886,2892,2810,2863,2732,2695,2774
36005,"Bronx County, NY",22747,22975,22535,22691,22299,22127,22669,22981,23144,23146,22490,21873,21453,21416,21556,21493,21161,20588,20121,19327,17851,17205,17073,16347,16332
36007,"Broome County, NY",2230,2158,2066,2078,2029,2051,2130,2129,2076,2064,2052,2060,2083,2068,2116,1977,1985,1979,1877,1964,1788,1852,1694,1700,1709
36013,"Chautauqua County, NY",1544,1580,1486,1478,1448,1462,1509,1513,1411,1495,1383,1425,1420,1356,1475,1434,1345,1344,1299,1335,1239,1252,1154,1221,1151
36027,"Dutchess County, NY",3342,3234,3226,3284,3164,3189,3072,3109,2943,2928,2874,2667,2722,2610,2697,2613,2519,2604,2549,2701,2564,2662,2628,2531,2642
36029,"Erie County, NY",11280,10841,10674,10512,10197,9837,9980,10059,9692,9829,9773,9711,9972,9891,10135,10172,9916,9870,9812,9698,9456,9534,9098,8740,8762
36045,"Jefferson County, NY",1654,1736,1550,1706,1518,1810,1683,1794,2143,2002,2091,2129,2298,2221,2090,2091,1891,2009,1864,1807,1794,1813,1768,1627,1540
36047,"Kings County, NY",39899,40088,39469,39614,39808,39418,40492,41983,41732,42225,41964,41823,42672,41253,41812,41599,40802,39192,38574,37153,34442,33539,33596,33097,33181
36055,"Monroe County, NY",9526,8985,8894,8932,8543,8499,8906,8694,8723,8601,8545,8444,8290,8369,8394,8178,8004,7893,7772,7913,7522,7716,7434,7156,6970
36059,"Nassau County, NY",17057,16358,16350,16026,15643,15121,15237,15218,15049,14709,14242,14090,14014,13878,14371,14278,14329,14178,14128,13810,13294,14157,13763,13463,13525
36061,"New York County, NY",20172,20039,19874,20714,20643,20266,20479,20812,20469,20350,20005,19707,19510,18568,18518,18139,17587,17504,17020,16577,14755,14013,13398,13533,14508
36063,"Niagara County, NY",2508,2483,2406,2410,2306,2227,2205,2242,2262,2293,2217,2126,2132,2195,2165,2148,2139,2114,2100,2066,1976,1988,1964,1837,1819
36065,"Oneida County, NY",2505,2517,2489,2612,2581,2482,2599,2598,2612,2619,2630,2667,2595,2630,2493,2512,2497,2555,2500,2489,2382,2429,2199,2261,2175
36067,"Onondaga County, NY",6013,5782,5627,5615,5567,5360,5482,5522,5552,5482,5352,5427,5327,5245,5293,5258,5242,5052,5236,5051,4864,4888,4637,4476,4359
36069,"Ontario County, NY",,,,1162,1073,1101,1139,1112,1105,1039,1045,1023,1050,1025,1086,1020,997,984,966,964,941,981,1000,927,967
36071,"Orange County, NY",5022,5018,5100,5201,5315,5282,5509,5400,5411,5237,5171,5076,4972,4951,4907,4872,4993,5092,5065,5199,5231,5552,5468,5730,5689
36075,"Oswego County, NY",1479,1424,1358,1390,1356,1353,1378,1383,1384,1415,1332,1352,1334,1337,1270,1199,1331,1248,1217,1233,1168,1140,1115,1122,1131
36081,"Queens County, NY",32279,30854,30549,30813,30415,30072,30363,31623,31089,30826,30573,30402,30571,30162,30437,30452,30377,29008,28042,27063,24635,23772,23986,23944,24173
36083,"Rensselaer County, NY",1714,1722,1669,1764,1739,1748,1744,1864,1749,1791,1697,1742,1614,1762,1671,1621,1726,1589,1591,1608,1577,1483,1503,1520,1482
36085,"Richmond County, NY",5944,5662,5867,5985,5903,5655,5893,5927,5817,5795,5665,5590,5356,5378,5354,5367,5464,5444,5186,5283,4958,5092,5001,4882,4991
36087,"Rockland County, NY",4650,4721,4664,4658,4734,4788,4723,4901,4957,4895,4896,4990,5080,5095,5266,5313,5440,5481,5719,5714,5728,6178,6409,6612,6983
36089,"St. Lawrence County, NY",1225,1237,1214,1206,1224,1233,1276,1231,1242,1187,1206,1241,1240,1214,1124,1176,1083,1038,1080,984,994,1006,896,991,969
36091,"Saratoga County, NY",2619,2534,2381,2474,2409,2304,2387,2339,2295,2210,2305,2161,2199,2260,2241,2180,2210,2135,2022,2062,1961,2104,2051,1936,1977
36093,"Schenectady County, NY",1743,1732,1744,1842,1837,1836,1851,1848,1853,1860,1882,1821,1982,1722,1864,1821,1770,1814,1840,1798,1794,1838,1753,1734,1691
36103,"Suffolk County, NY",20238,19955,19854,19990,19668,18802,19113,18525,17999,17227,16807,16043,15738,15550,15576,15835,15559,15359,15278,15036,14742,15912,16105,15490,15735
36109,"Tompkins County, NY",,,,,,,,0,0,0,0,0,0,0,861,815,787,767,735,704,663,696,640,646,613
36111,"Ulster County, NY",1781,1816,1795,1828,1839,1780,1874,1848,1796,1683,1695,1655,1569,1578,1514,1550,1482,1453,1546,1526,1476,1569,1524,1368,1438
36119,"Westchester County, NY",13032,12532,12769,12803,12486,12111,11945,11902,11545,11215,11141,10758,10466,10614,10635,10641,10280,10400,10091,9880,9618,10036,9905,9702,9794
37001,"Alamance County, NC",1903,1900,1815,1840,1769,1821,1918,2018,2017,1884,1856,1674,1757,1785,1767,1783,1856,1940,1958,1863,1831,1930,1959,1888,2044
37019,"Brunswick County, NC",,,,,,,,0,0,0,0,0,0,0,1102,1044,978,1008,987,1026,1000,1114,1157,1177,1320
37021,"Buncombe County, NC",2599,2490,2562,2507,2578,2621,2756,2863,2739,2675,2571,2544,2611,2666,2576,2625,2595,2393,2482,2463,2325,2443,2392,2388,2309
37025,"Cabarrus County, NC",,,,2273,2268,2389,2514,2611,2726,2532,2362,2294,2273,2313,2337,2457,2477,2593,2509,2538,2541,2680,2743,2665,2730
37035,"Catawba County, NC",2140,2056,2081,2034,1945,2007,2058,2097,2017,1903,1829,1772,1828,1672,1806,1754,1664,1652,1693,1687,1593,1672,1650,1674,1722
37049,"Craven County, NC",,,,,,,,0,0,0,0,0,0,0,1500,1454,1438,1386,1337,1319,1312,1235,1294,1233,1301
37051,"Cumberland County, NC",5666,5318,5436,5278,5232,5530,5601,5660,5705,6199,5839,6070,5538,5690,5702,5412,5446,5506,5401,5462,5118,5239,5282,5087,5083
37057,"Davidson County, NC",1973,1927,1905,1939,1883,1922,1922,1934,1998,1888,1729,1747,1667,1725,1756,1749,1771,1761,1751,1775,1699,1791,1752,1801,1826
37063,"Durham County, NC",3808,3857,3943,3901,3842,4060,4195,4377,4628,4424,4258,4229,4325,4193,4502,4231,4346,4181,4152,4158,4012,4244,4082,4068,4196
37067,"Forsyth County, NC",4589,4644,4520,4629,4599,4725,5000,5139,5097,4832,4688,4580,4626,4523,4549,4340,4496,4368,4330,4410,4288,4436,4555,4386,4489
37071,"Gaston County, NC",2751,2571,2600,2483,2582,2562,2796,2855,2724,2728,2602,2567,2509,2451,2533,2525,2524,2588,2525,2598,2547,2683,2780,2859,2855
37081,"Guilford County, NC",6095,5921,5835,5884,5862,6000,6123,6298,6379,6153,6005,6045,6166,6173,6089,6096,6259,6218,6115,6045,5927,5790,5886,5756,5634
37085,"Harnett County, NC",,,,,,,,0,0,0,0,0,0,0,1984,1800,1861,1886,1845,1860,1867,1872,1827,1913,1954
37089,"Henderson County, NC",,,,,,,,0,0,0,0,0,0,0,1110,1067,1089,1040,1093,1022,1004,998,1049,1006,996
37097,"Iredell County, NC",,,,1881,1733,2001,1997,2004,1983,1906,1829,1746,1727,1752,1772,1935,1923,1858,1891,1883,1897,1932,2085,2014,2189
37101,"Johnston County, NC",,,,2209,2310,2317,2338,2474,2537,2422,2257,2277,2217,2165,2288,2268,2336,2318,2299,2522,2487,2769,2860,2858,2975
37119,"Mecklenburg County, NC",11992,11791,12087,12673,12962,13534,14372,14773,14917,14653,13898,13738,13855,13831,14421,14860,14881,14753,14650,14401,14654,15057,15047,15106,15567
37129,"New Hanover County, NC",2019,2036,2037,2078,2185,2373,2442,2495,2451,2349,2229,2251,2235,2242,2283,2312,2241,2267,2145,2172,2089,2153,2256,2134,2226
37133,"Onslow County, NC",3331,3126,3114,3178,3373,3196,3537,3707,3675,4070,4300,4371,4415,4328,4374,4172,3960,4061,3923,3820,3730,3857,3925,3670,3690
37135,"Orange County, NC",,,,1347,1331,1377,1280,1359,1380,1299,1212,1312,1284,1191,1216,1206,1166,1179,1134,1163,1105,1193,1182,1162,1118
37147,"Pitt County, NC",2031,1991,1987,1998,2102,2027,2194,2337,2342,2304,2146,2144,2168,2111,2125,2163,2023,2051,2085,2079,2002,2092,2038,2004,2125
37151,"Randolph County, NC",1949,1865,1757,1826,1777,1734,1765,1892,1831,1707,1675,1574,1635,1589,1603,1558,1600,1576,1520,1546,1559,1499,1589,1601,1579
37155,"Robeson County, NC",2154,2120,2035,1974,2029,2100,2186,2269,2227,2126,2106,1886,1834,1933,1817,1773,1775,1782,1699,1731,1730,1849,1902,1875,1956
37159,"Rowan County, NC",1705,1671,1688,1666,1611,1630,1787,1805,1835,1692,1533,1532,1582,1519,1551,1604,1651,1587,1593,1548,1587,1610,1624,1582,1579
37179,"Union County, NC",,,,2396,2497,2610,2598,2809,2770,2540,2478,2380,2381,2290,2378,2359,2415,2382,2456,2278,2328,2439,2579,2597,2657
37183,"Wake County, NC",10198,10611,10860,11270,11751,12265,12860,13300,13544,13014,12704,12457,12314,12439,12641,12865,13018,12682,12578,12688,12550,13170,13190,12949,13394
37191,"Wayne County, NC",1764,1739,1659,1708,1759,1815,1772,1802,1774,1662,1623,1728,1793,1705,1718,1631,1636,1611,1639,1619,1543,1601,1601,1675,1695
38017,"Cass County, ND",1635,1725,1713,1845,1798,1935,2009,2066,2099,2179,2158,2262,2365,2461,2572,2568,2639,2534,2453,2444,2353,2512,2356,2376,2400
39003,"Allen County, OH",1582,1567,1485,1497,1444,1439,1432,1434,1386,1400,1306,1275,1278,1275,1281,1286,1257,1244,1248,1268,1184,1216,1192,1205,1248
39007,"Ashtabula County, OH",,,,1185,1265,1294,1276,1345,1213,1245,1160,1152,1110,1090,1060,1120,1075,1149,1108,1085,1016,1052,1041,971,958
39017,"Butler County, OH",4887,4814,4576,4751,4804,4899,5126,5149,5099,4890,4605,4575,4638,4458,4455,4588,4452,4466,4472,4446,4366,4252,4322,4197,4244
39023,"Clark County, OH",1928,1868,1826,1775,1714,1770,1805,1905,1800,1718,1681,1617,1588,1560,1594,1626,1532,1614,1552,1572,1506,1517,1573,1637,1732
39025,"Clermont County, OH",2773,2694,2669,2705,2771,2780,2894,2723,2755,2564,2489,2321,2371,2272,2312,2281,2293,2311,2310,2234,2167,2205,2165,2255,2241
39029,"Columbiana County, OH",1312,1331,1310,1243,1183,1203,1235,1205,1216,1228,1112,1109,1115,1094,1056,1097,1070,1025,982,1020,984,973,962,882,975
39035,"Cuyahoga County, OH",18798,18153,17432,17311,16949,16373,16748,16552,16266,15536,15112,15005,14794,14918,15083,14842,14758,14550,13870,13935,13191,13136,12833,12701,12451
39041,"Delaware County, OH",,,,2320,2349,2382,2425,2376,2331,2197,2200,2101,2085,2195,2213,2179,2079,2074,2106,2120,1975,2155,2147,2120,2268
39045,"Fairfield County, OH",1738,1607,1654,1617,1729,1805,1756,1764,1746,1719,1652,1681,1638,1723,1598,1695,1629,1755,1669,1733,1627,1706,1695,1665,1663
39049,"Franklin County, OH",17491,17244,17074,17206,17408,17536,18235,18202,18408,18327,17824,18038,18341,18769,18872,19173,19045,18886,18338,18400,17557,17441,17528,17143,17393
39057,"Greene County, OH",1740,1725,1744,1779,1724,1815,1791,1837,1760,1771,1723,1778,1783,1782,1825,1889,1808,1744,1720,1739,1712,1653,1692,1721,1651
39061,"Hamilton County, OH",12411,11946,11671,11831,11458,11423,11720,11734,11824,11371,10850,11078,11033,10785,11047,10976,10820,10833,10835,10676,10383,10330,10264,10099,10057
39085,"Lake County, OH",2651,2640,2570,2563,2553,2534,2539,2526,2532,2366,2374,2278,2186,2329,2215,2346,2163,2198,2212,2181,2021,2092,2051,2082,2090
39089,"Licking County, OH",1998,1948,2063,2019,2081,1992,2128,2072,2028,2010,2000,1932,1952,1901,2086,1864,2075,1866,1991,1989,1822,1928,1866,1827,1860
39093,"Lorain County, OH",3859,3671,3582,3631,3664,3624,3669,3588,3655,3421,3329,3469,3354,3308,3464,3390,3295,3183,3199,3256,3185,3211,3152,3071,3080
39095,"Lucas County, OH",6559,6426,6161,6422,6428,6191,6461,6411,6284,6039,5846,5507,5798,5677,5707,5567,5627,5445,5418,5229,5171,4956,4910,4540,4489
39099,"Mahoning County, OH",2987,2961,2486,2801,2644,2737,2667,2639,2595,2490,2417,2313,2405,2410,2410,2375,2506,2458,2344,2434,2326,2349,2407,2272,2145
39103,"Medina County, OH",2000,2076,2072,1989,2072,2068,1992,1963,1884,1843,1746,1765,1720,1718,1883,1725,1816,1720,1675,1688,1583,1746,1593,1637,1632
39109,"Miami County, OH",,,,,,,,0,0,0,0,0,0,0,1224,1182,1227,1154,1180,1238,1144,1160,1115,1109,1152
39113,"Montgomery County, OH",7796,7461,7241,7366,7195,7106,7253,7242,7162,7056,6728,6587,6758,6747,6593,6659,6631,6730,6480,6395,6170,6117,6007,6094,5943
39133,"Portage County, OH",1727,1672,1593,1654,1634,1633,1620,1669,1570,1553,1479,1467,1388,1461,1518,1392,1441,1351,1392,1355,1306,1378,1383,1323,1365
39139,"Richland County, OH",1598,1642,1534,1604,1565,1578,1630,1623,1540,1544,1369,1380,1442,1432,1350,1434,1328,1317,1353,1423,1321,1407,1310,1312,1377
39151,"Stark County, OH",4952,4681,4466,4534,4446,4399,4514,4564,4420,4280,4087,4061,4098,4222,4250,4222,4236,4025,4075,4108,3934,3962,3882,3968,3766
39153,"Summit County, OH",7095,6978,6850,6602,6657,6579,6631,6738,6280,6346,6071,6166,6231,6085,6192,6044,5996,5904,5934,5838,5481,5473,5390,5293,5333
39155,"Trumbull County, OH",2732,2649,2448,2518,2423,2368,2420,2441,2370,2286,2124,2097,2087,2153,2088,2090,2101,2107,2069,2150,1983,1958,2018,1907,1908
39165,"Warren County, OH",2475,2499,2585,2613,2785,2778,2703,2736,2649,2668,2554,2463,2424,2363,2396,2318,2400,2262,2306,2401,2347,2418,2428,2416,2457
39169,"Wayne County, OH",1621,1574,1660,1589,1578,1621,1616,1597,1609,1569,1445,1534,1509,1619,1540,1531,1487,1502,1447,1442,1398,1401,1405,1380,1382
39173,"Wood County, OH",1428,1365,1354,1319,1406,1376,1392,1324,1392,1401,1309,1334,1361,1384,1408,1380,1365,1401,1267,1281,1180,1301,1199,1268,1204
40017,"Canadian County, OK",,,,,,,,0,0,0,0,0,0,0,1744,1741,1781,1763,1864,1754,1845,1993,2078,2077,2263
40027,"Cleveland County, OK",2472,2490,2583,2607,2693,2660,2888,2971,3001,2946,2960,3025,3037,3015,3059,2886,3016,2781,2833,2811,2695,2702,2760,2749,2650
40031,"Comanche County, OK",1934,1867,1904,1889,1930,1967,1874,2109,2015,2015,2153,2020,1982,1957,1900,1814,1757,1735,1681,1725,1709,1588,1587,1541,1570
40109,"Oklahoma County, OK",10960,11167,11466,11612,11776,11814,12271,12476,12379,12513,12190,11866,12122,12475,12295,12518,12197,11554,11255,11320,10916,11024,10912,10937,10834
40143,"Tulsa County, OK",9343,9287,9283,9372,9193,9301,9731,9784,9532,9894,9280,9199,9315,9264,9394,9672,9639,9120,8933,8866,8699,8658,8706,8593,8631
41005,"Clackamas County, OR",4184,4119,4061,4018,4006,3779,3950,4029,4133,4040,3856,3807,3978,3952,4090,4141,4199,3999,3886,3798,3734,3766,3661,3725,3746
41017,"Deschutes County, OR",,,,1576,1667,1782,2002,2083,1956,1833,1717,1700,1645,1729,1786,1787,1806,1808,1827,1828,1822,1951,1839,1802,1944
41019,"Douglas County, OR",,,,1108,1103,1093,1188,1141,1153,1069,1048,1085,1099,1064,1103,1096,1087,1068,1054,1038,1042,1026,923,962,954
41029,"Jackson County, OR",2051,2137,2112,2137,2112,2220,2274,2415,2432,2341,2335,2350,2267,2320,2298,2396,2294,2252,2199,2138,2084,2238,2034,2003,2017
41039,"Lane County, OR",3705,3585,3495,3752,3491,3503,3709,3778,3781,3555,3491,3473,3480,3526,3682,3607,3554,3459,3327,3268,2990,3159,3019,2865,2821
41043,"Linn County, OR",,,,1356,1396,1363,1560,1543,1477,1426,1459,1473,1418,1422,1433,1518,1521,1456,1518,1453,1463,1433,1417,1416,1446
41047,"Marion County, OR",4542,4555,4433,4637,4674,4713,4937,5159,5103,4674,4663,4397,4343,4321,4399,4448,4539,4467,4183,4114,3939,3894,3917,3862,3995
41051,"Multnomah County, OR",9467,9253,9350,9346,9417,9600,10260,10279,10376,10027,9654,9505,9365,9499,9467,9420,9081,8573,8211,8083,7524,7602,7383,6902,6878
41067,"Washington County, OR",7559,7509,7568,7626,7576,7535,7809,7885,7664,7693,7047,7174,7251,7155,7052,6923,6983,6570,6425,6345,5958,6231,5986,5895,6001
42001,"Adams County, PA",,,,,,,,0,0,0,0,0,0,0,996,1037,922,972,916,892,872,954,936,913,863
42003,"Allegheny County, PA",14293,13922,13475,13601,13231,13020,12997,13390,13288,13127,12904,13130,13084,13320,13293,13311,13164,12882,12822,12819,12104,12407,11824,11546,11496
42007,"Beaver County, PA",1893,1769,1833,1808,1781,1733,1814,1816,1802,1763,1744,1696,1720,1706,1786,1701,1676,1561,1575,1542,1526,1503,1518,1461,1498
42011,"Berks County, PA",4711,4647,4725,4842,4938,5088,5171,5141,5134,5071,4801,4871,4852,4856,4887,4754,4786,4719,4602,4707,4360,4594,4584,4450,4539
42013,"Blair County, PA",1500,1414,1461,1448,1476,1431,1408,1484,1441,1457,1422,1316,1351,1392,1327,1326,1270,1205,1206,1197,1187,1137,1189,1123,1081
42017,"Bucks County, PA",7338,7196,7034,7139,6919,6914,6973,6904,6616,6370,6118,6163,5878,5815,6043,6014,5958,5775,5714,5608,5462,5808,5604,5545,5423
42019,"Butler County, PA",2070,2163,1984,2125,2063,2004,2039,1946,2001,1847,1779,1793,1755,1797,1792,1858,1833,1742,1809,1645,1708,1671,1698,1712,1790
42021,"Cambria County, PA",1570,1502,1453,1519,1512,1485,1468,1551,1451,1378,1416,1373,1341,1284,1305,1322,1357,1271,1219,1238,1205,1139,1191,1149,1142
42027,"Centre County, PA",1278,1208,1259,1346,1257,1274,1351,1333,1225,1289,1347,1246,1307,1243,1317,1277,1208,1171,1171,1082,1069,1125,1119,1093,1016
42029,"Chester County, PA",5850,5754,5936,6081,6076,6185,6392,6093,6106,5926,5536,5594,5471,5441,5554,5503,5325,5323,5370,5329,5206,5675,5610,5458,5501
42041,"Cumberland County, PA",2224,2225,2211,2289,2299,2334,2465,2548,2486,2396,2468,2494,2550,2586,2629,2645,2683,2612,2597,2597,2602,2681,2703,2625,2642
42043,"Dauphin County, PA",3141,3213,3077,3252,3230,3320,3485,3580,3565,3479,3408,3447,3405,3461,3540,3371,3437,3404,3397,3273,3334,3338,3277,3236,3210
42045,"Delaware County, PA",6913,6759,6577,6881,6738,6890,7003,6876,7027,6983,6838,6793,6632,6579,6801,6554,6575,6576,6453,6328,6281,6423,6487,6029,6117
42049,"Erie County, PA",3479,3371,3374,3302,3286,3231,3446,3543,3401,3241,3276,3222,3129,3176,3168,3132,3064,2994,2788,2782,2608,2761,2650,2376,2476
42051,"Fayette County, PA",1537,1511,1490,1518,1416,1450,1422,1388,1354,1384,1355,1362,1354,1429,1403,1437,1351,1296,1326,1233,1283,1178,1129,1119,1072
42055,"Franklin County, PA",1667,1617,1567,1652,1688,1789,2009,2035,2024,1794,1949,1870,1824,1841,1770,1838,1875,1786,1745,1745,1635,1713,1704,1710,1689
42069,"Lackawanna County, PA",2151,2243,2045,2154,2254,2259,2288,2365,2317,2301,2244,2208,2123,2209,2201,2202,2246,2076,2033,2058,2054,2116,1967,1965,1957
42071,"Lancaster County, PA",6871,6641,6752,6603,6871,6837,7056,7359,7229,7268,6945,6988,7009,7090,7190,7263,7000,7258,6975,6899,6874,7048,7093,6840,6862
42075,"Lebanon County, PA",1447,1378,1534,1401,1531,1581,1606,1709,1652,1645,1627,1674,1652,1579,1632,1589,1592,1581,1562,1595,1545,1586,1563,1532,1583
42077,"Lehigh County, PA",3780,3704,3961,3890,4100,4125,4312,4478,4319,4261,4162,4095,4112,4155,4179,4193,4253,4291,4352,4282,4057,3985,3821,3750,3840
42079,"Luzerne County, PA",3012,2936,2997,3066,3128,3135,3191,3308,3198,3156,3184,3154,3121,3158,3167,3168,3193,3284,3310,3255,3176,3200,3074,3159,3299
42081,"Lycoming County, PA",1342,1291,1270,1356,1344,1359,1357,1303,1278,1234,1217,1279,1313,1279,1312,1202,1222,1174,1202,1187,1169,1126,1085,1074,1049
42085,"Mercer County, PA",1338,1349,1227,1289,1280,1218,1221,1213,1213,1142,1141,1128,1149,1143,1188,1151,1165,1092,1078,1025,1017,1043,952,1014,995
42089,"Monroe County, PA",,,,1569,1590,1645,1639,1583,1667,1575,1521,1449,1427,1431,1436,1416,1477,1537,1518,1475,1427,1368,1365,1305,1204
42091,"Montgomery County, PA",9573,9483,9396,9797,9587,9391,9627,9329,9530,9307,9129,9065,8930,8753,8849,8905,8695,8702,8515,8440,8261,8751,8475,8300,8372
42095,"Northampton County, PA",2866,2949,2896,3160,3234,3051,3275,3338,3195,3051,3027,2957,3062,2820,2855,2791,2831,2789,2909,2782,2817,2804,2699,2747,2681
42101,"Philadelphia County, PA",21895,21209,21475,22169,21821,22170,23008,23615,23797,23621,23203,23256,23335,22290,22389,22106,21506,21288,20691,20511,19896,19299,19126,18371,18138
42107,"Schuylkill County, PA",1437,1471,1392,1446,1341,1532,1466,1482,1558,1441,1383,1447,1350,1352,1366,1318,1367,1313,1272,1325,1283,1201,1220,1273,1320
42125,"Washington County, PA",2112,2030,2072,2152,2031,1971,2109,2115,2049,2083,1943,1999,1997,2016,2013,1974,2044,1967,2063,2026,1882,1955,1873,1918,1975
42129,"Westmoreland County, PA",3591,3354,3490,3455,3387,3359,3312,3402,3370,3317,3196,3192,3138,3151,3083,3167,2939,2953,2849,2962,2772,2859,2910,2819,2813
42133,"York County, PA",4526,4629,4578,4826,4941,4993,5165,5296,5253,5140,5064,4899,4917,4928,4877,4932,4974,4933,4707,4760,4650,4867,4846,4642,4822
44003,"Kent County, RI",1929,1853,1859,1896,1737,1829,1697,1690,1681,1616,1616,1567,1577,1571,1520,1636,1565,1552,1502,1450,1373,1522,1492,1433,1450
44007,"Providence County, RI",7879,8088,8314,8556,8464,8278,8242,8328,8091,7750,7460,7435,7351,7282,7339,7391,7275,7173,7119,6956,6923,7035,6963,6668,6737
44009,"Washington County, RI",1249,1345,1277,1358,1223,1225,1137,1124,1147,981,979,894,925,911,915,878,929,852,870,821,820,880,864,808,830
45003,"Aiken County, SC",1943,1890,1827,1803,1893,1888,2081,2001,1981,1032,1982,1845,1772,1792,1904,1993,1965,1860,1897,1803,1903,1933,1974,1907,1937
45007,"Anderson County, SC",2218,2246,2144,2238,2206,2249,2481,2398,2441,2316,2245,2242,2190,2287,2274,2254,2318,2298,2256,2172,2151,2297,2415,2363,2332
45013,"Beaufort County, SC",,,,2107,2152,2251,2356,2340,2354,2083,2158,2023,2030,2078,2052,2058,1958,2012,1912,1871,1854,1877,1843,1894,1890
45015,"Berkeley County, SC",2115,2192,2104,2106,2221,2206,2455,2474,2722,2551,2512,2547,2601,2608,2651,2725,2754,2697,2801,2869,2778,2874,3058,3130,3297
45019,"Charleston County, SC",4588,4571,4539,4657,4762,4804,5090,5177,5180,5006,4847,4756,4689,4768,4956,4994,5015,4803,4861,4966,4900,5034,5025,4857,5094
45035,"Dorchester County, SC",,,,,,,,0,0,0,0,0,0,0,1904,1819,1800,1861,1843,1859,1892,1947,2074,1991,2082
45041,"Florence County, SC",1867,1906,1844,1965,1844,1955,1944,2047,1940,1889,1791,1832,1829,1719,1765,1696,1657,1695,1616,1624,1589,1613,1593,1564,1524
45045,"Greenville County, SC",5390,5524,5399,5541,5739,5884,6252,6601,6719,7766,6109,6087,6166,6065,6348,6429,6298,6409,6225,6261,6232,6621,6554,6603,6667
45051,"Horry County, SC",2570,2588,2531,2685,2806,2911,3340,3450,3280,3138,3070,3098,2938,3175,3048,3176,3118,3167,3153,3154,3094,3244,3334,3372,3507
45063,"Lexington County, SC",3003,2939,3025,3171,3116,3177,3376,3379,3457,3491,3411,3263,3242,3251,3206,3201,3264,3210,3224,3195,3157,3389,3335,3136,3283
45077,"Pickens County, SC",,,,1260,1269,1309,1372,1350,1379,1174,1171,1245,1179,1162,1296,1251,1225,1169,1145,1286,1153,1167,1279,1203,1334
45079,"Richland County, SC",4464,4247,4379,4433,4608,4800,5050,5085,5198,4976,4870,4920,4781,4799,4767,5014,4810,4646,4693,4841,4629,4598,4462,4537,4449
45083,"Spartanburg County, SC",3344,3444,3434,3415,3490,3412,3888,3782,3997,3938,3682,3545,3580,3496,3576,3560,3690,3820,3855,3999,3798,3879,4217,4413,4514
45085,"Sumter County, SC",1742,1607,1575,1652,1631,1659,1711,1688,1693,1598,1536,1514,1544,1527,1458,1528,1375,1386,1346,1413,1403,1343,1330,1296,1258
45091,"York County, SC",2310,2340,2384,2453,2452,2654,2860,3068,3050,3009,2950,2830,2989,2892,2901,2936,3011,2958,2921,2982,2862,3062,2940,3007,2994
46099,"Minnehaha County, SD",2310,2302,2480,2483,2548,2582,2624,2745,2835,2762,2751,2781,2811,2864,2946,3048,2937,2911,2891,2789,2730,2869,2699,2749,2825
46103,"Pennington County, SD",,,,,,,,0,0,0,0,0,0,0,1538,1535,1471,1468,1542,1451,1377,1502,1376,1367,1383
47009,"Blount County, TN",,,,1308,1333,1305,1333,1361,1388,1305,1189,1293,1275,1305,1322,1234,1229,1220,1306,1240,1289,1303,1317,1294,1371
47037,"Davidson County, TN",8983,8772,8777,8904,9011,9410,9972,9992,10104,9782,9564,9602,9736,9914,10272,10325,10023,10063,9984,10004,9655,9998,10155,10305,10645
47065,"Hamilton County, TN",4034,4045,3882,3945,3979,3965,4270,4347,4331,4213,4121,4059,4197,4171,4144,4287,4293,4235,4249,4289,4220,4563,4403,4508,4596
47093,"Knox County, TN",4797,4816,4692,5059,5086,5025,5390,5338,5495,5323,5098,5147,5288,5115,5253,5359,5272,5211,5156,5125,5079,5389,5405,5524,5411
47125,"Montgomery County, TN",2517,2351,2364,2295,2367,2891,2587,3135,2841,2989,3225,3061,3634,3228,3456,3475,3443,3382,3513,3492,3526,3643,3803,3644,3663
47149,"Rutherford County, TN",2794,3040,2980,3087,3335,3491,3642,3976,4078,3698,3769,3653,3636,3742,4001,3958,4130,4030,4148,4230,4092,4278,4544,4645,4674
47157,"Shelby County, TN",14752,14400,14208,14173,14277,14497,15200,15247,15062,14475,13813,14019,13926,13770,13843,13478,13234,13163,13124,12806,12593,12439,12269,12073,11564
47163,"Sullivan County, TN",1814,1681,1573,1645,1533,1706,1687,1706,1687,1602,1614,1511,1598,1588,1575,1526,1492,1539,1506,1475,1402,1489,1497,1502,1577
47165,"Sumner County, TN",1782,1803,1795,1890,1845,1903,2031,2076,2161,1995,1880,1926,1934,2001,2121,2123,2053,2193,2150,2119,2156,2220,2342,2400,2397
47179,"Washington County, TN",,,,1363,1353,1303,1372,1415,1372,1356,1323,1331,1398,1329,1303,1341,1292,1236,1247,1221,1204,1255,1261,1251,1270
47187,"Williamson County, TN",,,,1867,1945,2014,2159,2255,2046,2067,1976,2014,1935,2098,2149,2261,2270,2401,2322,2228,2287,2371,2327,2159,2269
47189,"Wilson County, TN",,,,,,,,0,0,0,0,0,0,0,1459,1469,1527,1567,1651,1634,1627,1711,1876,1959,2036
48027,"Bell County, TX",5389,5333,5592,5769,4923,5561,6124,6201,6371,5979,6553,6224,6222,6365,6228,6500,6140,5976,5889,6160,6095,6111,6085,5923,5936
48029,"Bexar County, TX",24038,23747,25028,24928,25422,25870,26502,27565,27338,27071,26078,25823,26283,26820,27792,28182,27968,27014,26562,26101,25228,25557,26589,26523,26790
48039,"Brazoria County, TX",3992,4155,4262,4296,4291,4407,4817,4741,5035,5029,4900,4377,4612,4677,4786,4943,4800,4630,4734,4759,4495,4672,4825,4617,4760
48041,"Brazos County, TX",2227,2210,2289,2282,2384,2467,2487,2781,2620,2661,2712,2564,2596,2636,2830,2904,2771,2692,2584,2648,2635,2730,2750,2819,2649
48061,"Cameron County, TX",8318,8391,8639,8587,8619,8661,8649,8481,8155,8024,7853,7564,7359,7383,7256,7242,6893,6276,6306,6131,6019,5738,6112,5831,5838
48085,"Collin County, TX",8678,9466,9487,10172,10415,10417,10833,11091,11064,10624,10591,10380,10350,10604,10890,10923,11086,10919,11147,11524,11411,12191,12806,13116,13650
48091,"Comal County, TX",,,,,,,,0,0,0,0,0,0,0,1447,1634,1448,1480,1526,1666,1662,1767,1910,2057,2203
48113,"Dallas County, TX",42451,42931,42864,42303,42530,42499,43885,44424,43224,42293,39729,38695,38782,38712,39806,40131,40379,39263,38182,37544,36114,35546,37249,36922,36535
48121,"Denton County, TX",7434,7906,8360,8606,8860,9055,9401,9399,9426,9255,8999,9202,9338,9566,9876,10043,10195,9786,9857,10235,9962,10778,11499,11557,12092
48135,"Ector County, TX",2147,2186,2279,2287,2313,2268,2490,2688,2698,2756,2436,2447,2757,2915,3162,2991,2814,2750,3000,3221,2742,2773,3014,3011,3113
48139,"Ellis County, TX",,,,1976,2000,2042,2182,2220,2097,2152,2067,1950,1838,2060,2143,2126,2244,2214,2214,2272,2379,2589,2819,2865,2914
48141,"El Paso County, TX",14293,14206,14061,14203,14425,14555,14308,14313,14078,13990,13825,13909,13891,13586,13583,13521,13073,12013,11721,11637,11089,10882,11602,10731,10803
48157,"Fort Bend County, TX",5246,5300,5612,5888,6167,6620,7108,7465,7831,7975,7843,7718,8137,8538,9318,9888,9976,9627,9375,9052,8825,9136,9589,9455,9400
48167,"Galveston County, TX",3806,3720,3872,3979,3957,3942,4126,4297,4211,4203,3947,3897,3894,3961,4136,4218,4167,3995,3957,3957,3889,3868,3881,3891,3939
48181,"Grayson County, TX",,,,1582,1662,1583,1557,1600,1593,1566,1524,1476,1516,1508,1562,1581,1543,1580,1662,1583,1584,1769,1686,1871,1788
48183,"Gregg County, TX",1782,1767,1946,1855,1880,1868,2074,2024,2015,1973,1941,1913,1940,1880,1963,1859,1743,1623,1644,1721,1574,1703,1730,1600,1653
48187,"Guadalupe County, TX",,,,,,,,0,0,0,0,0,0,0,1786,1838,1847,1773,1848,1855,1902,1845,2094,2144,2284
48201,"Harris County, TX",63327,63467,65405,66728,67179,67014,70213,71409,71634,72389,68219,65980,67380,68325,71475,73478,72420,68422,67095,66354,63813,63152,66124,65027,63829
48209,"Hays County, TX",,,,,,,,0,0,0,0,0,0,0,2368,2468,2502,2584,2572,2562,2804,2915,3245,3382,3670
48215,"Hidalgo County, TX",15361,15084,15675,16240,16530,16984,17111,17202,17144,16953,16401,16104,16304,16069,16331,16086,14982,14108,14185,13797,13379,13256,14401,13939,13740
48245,"Jefferson County, TX",3555,3318,3389,3407,3446,3302,3560,3619,3589,3613,3558,3436,3431,3538,3635,3783,3578,3475,3468,3323,3190,3109,3260,3114,3071
48251,"Johnson County, TX",,,,1986,2059,2038,2070,2082,2210,2198,1979,1925,1947,2010,2023,2093,2100,2117,2110,2176,2118,2359,2397,2647,2613
48257,"Kaufman County, TX",,,,,,,,0,0,0,0,0,0,0,1527,1540,1663,1675,1786,1824,2026,2278,2765,2920,2993
48303,"Lubbock County, TX",3855,3826,3948,4064,4049,3961,4158,4328,4350,4254,4103,3882,3933,4127,4237,4113,4273,4017,3896,4104,3976,3999,4140,4001,4242
48309,"McLennan County, TX",3288,3225,3289,3363,3262,3409,3467,3514,3516,3381,3473,3442,3398,3517,3618,3528,3376,3446,3460,3301,3198,3347,3321,3387,3330
48329,"Midland County, TX",1844,1791,1851,1856,1916,1973,2089,2280,2283,2267,2266,2310,2511,2700,2828,3034,2904,2826,3011,2983,2919,2805,2981,3062,3243
48339,"Montgomery County, TX",4662,4806,4988,5166,5152,5625,5955,6398,6434,6428,6402,6360,6385,6627,6975,7338,7347,7139,7355,7395,7428,8061,8470,8824,9220
48355,"Nueces County, TX",5250,5187,5004,4909,5023,5106,4964,5039,4988,4856,4716,4634,4812,4954,5173,5056,4738,4520,4569,4461,4392,4320,4169,4196,4251
48367,"Parker County, TX",,,,,,,,0,0,0,0,0,0,0,1422,1485,1538,1498,1537,1613,1634,1802,1931,1959,2096
48375,"Potter County, TX",,,,2200,2405,2335,2254,2206,2207,2302,2086,2026,2101,2073,2072,1945,1886,1714,1638,1648,1579,1560,1574,1516,1500
48381,"Randall County, TX",,,,1414,1365,1421,1512,1592,1571,1589,1553,1651,1620,1693,1765,1667,1640,1550,1645,1586,1596,1710,1729,1675,1780
48423,"Smith County, TX",2653,2678,2748,2874,2877,2891,3050,3135,3038,3107,2993,2956,2993,3095,3152,3110,3160,3055,2922,2912,2894,3012,3112,3080,3161
48439,"Tarrant County, TX",25432,26375,26819,27577,27600,27945,29064,29637,29439,29079,27893,27348,27684,27839,28420,28370,28745,27820,27280,27161,26611,27075,28126,27600,27480
48441,"Taylor County, TX",2049,2025,1965,2075,2054,2050,2153,2117,2134,2138,1984,2040,2090,2000,2120,2097,2037,2094,2044,1958,1932,1860,1962,1991,1922
48451,"Tom Green County, TX",,,,1626,1590,1571,1674,1692,1635,1584,1553,1533,1490,1558,1668,1722,1556,1558,1473,1563,1480,1466,1444,1505,1480
48453,"Travis County, TX",14476,14604,14435,14533,14816,15254,16157,16662,16589,16434,15801,15497,15830,15726,16399,16304,15992,15142,15125,15418,15169,15594,16450,16212,16677
48479,"Webb County, TX",5777,5940,5941,5922,6038,5942,5949,6176,5934,5766,5527,5446,5432,5555,5493,5356,5189,4872,4693,4622,4344,4225,4537,4407,4378
48485,"Wichita County, TX",1896,1899,1895,1849,1963,1861,1928,1915,1896,1835,1790,1837,1772,1765,1817,1741,1631,1624,1607,1631,1533,1576,1525,1489,1502
48491,"Williamson County, TX",4450,4784,4984,5179,5323,5476,5828,6337,6466,6287,6164,5977,6135,6052,6458,6433,6535,6432,6650,6695,6855,7686,8072,8441,9325
49005,"Cache County, UT",,,,,,,,0,0,0,0,0,0,0,2337,2363,2286,2194,2114,2037,2089,2098,2102,1968,2030
49011,"Davis County, UT",4836,5045,5102,5445,5590,5670,6040,6162,6201,6078,5816,5715,5853,5741,5785,5878,5698,5481,5302,5098,4823,4961,4599,4697,4592
49035,"Salt Lake County, UT",18337,18109,18567,18233,18394,18689,19171,19556,19605,18724,18250,17861,17910,18046,17894,17398,17612,16754,15998,16031,15188,15179,14626,14211,14593
49049,"Utah County, UT",9873,10252,10601,10748,10959,11327,11738,12297,12509,12177,12020,11910,12023,11860,11945,11945,11971,11618,11514,11645,11548,12135,12112,12050,12722
49053,"Washington County, UT",,,,,,,,0,0,0,0,0,0,0,2256,2170,2210,2202,2184,2116,2181,2313,2367,2356,2509
49057,"Weber County, UT",3943,3963,4048,4054,3944,3980,4013,4226,4412,4219,4080,4007,3960,3835,3826,3926,3876,3766,3637,3575,3568,3513,3513,3327,3502
50007,"Chittenden County, VT",1677,1631,1600,1684,1663,1603,1621,1582,1616,1501,1573,1523,1583,1601,1598,1560,1552,1450,1392,1398,1328,1459,1412,1333,1273
51013,"Arlington County, VA",2710,2885,2813,2843,2814,2824,2749,2924,2924,2934,3101,3052,3206,3202,3183,3166,3225,2990,2937,2650,2645,2454,2418,2302,2382
51041,"Chesterfield County, VA",3404,3337,3337,3536,3657,3655,3977,3887,3725,3738,3682,3648,3672,3766,3765,3803,3885,3845,3841,3904,3855,4137,4258,4051,4109
51059,"Fairfax County, VA",14315,14598,14412,14488,14995,14679,14920,15177,15068,15169,15180,15092,14927,14652,14758,14448,14525,14220,13841,13376,12490,12475,12405,12063,12435
51087,"Henrico County, VA",3693,3577,3702,3734,3954,4092,4137,4103,3994,4086,3888,3940,3970,3900,4065,3997,3903,3895,3911,3695,3663,3691,3703,3578,3749
51107,"Loudoun County, VA",,,,4439,4792,5145,5148,5157,5268,5017,5067,4976,4919,5015,5062,5307,5335,5067,5224,4909,4698,4972,4821,4585,4548
51153,"Prince William County, VA",5029,5444,5633,5955,6433,6605,7170,6782,6372,6592,6651,6704,6879,6799,6909,6858,6845,6675,6484,6386,6183,6247,6427,6111,6158
51177,"Spotsylvania County, VA",,,,,,,,0,0,0,0,0,0,0,1615,1591,1542,1505,1503,1568,1539,1593,1616,1649,1648
51179,"Stafford County, VA",,,,,,,,0,0,0,0,0,0,0,1703,1665,1711,1746,1745,1763,1783,1791,1863,1820,1865
51510,"Alexandria city, VA",2569,2619,2569,2664,2585,2683,2782,2800,2765,2677,2688,2658,2818,2808,2850,2857,2823,2647,2590,2486,2363,2187,2281,2192,2310
51550,"Chesapeake city, VA",2830,2742,2742,2865,2973,2898,2921,2996,2893,2785,2832,2755,2813,2785,3024,2988,2877,2902,2928,2945,2814,2986,2866,2734,2520
51650,"Hampton city, VA",2014,1928,1868,1815,1979,2028,2124,2137,1984,1938,1796,1733,1826,1823,1767,1640,1727,1736,1645,1606,1584,1655,1617,1445,1506
51700,"Newport News city, VA",3145,3197,3173,3217,3211,3223,3235,3230,3268,3203,3016,3050,2905,2861,2819,2804,2814,2717,2677,2752,2671,2520,2487,2377,2377
51710,"Norfolk city, VA",4001,4033,4148,3962,4109,4100,4043,4174,4173,3957,3821,3745,3801,3738,3640,3743,3547,3410,3452,3338,3134,3114,3065,2948,2996
51740,"Portsmouth city, VA",1547,1588,1538,1600,1647,1618,1744,1644,1555,1623,1591,1587,1535,1550,0,0,0,0,0,0,0,0,0,0,0
51760,"Richmond city, VA",3054,3131,3083,3073,3006,3027,3036,3309,3305,3194,2963,2985,2943,2838,2918,3111,3028,3031,3139,3092,2999,2979,2913,2873,2925
51810,"Virginia Beach city, VA",6459,6176,6235,6375,6670,6392,6578,6519,6350,6327,6153,6261,6290,6016,6108,6110,5925,5710,5618,5458,5328,5384,5091,4837,4769
53005,"Benton County, WA",2080,2215,2166,2192,2186,2166,2340,2456,2446,2484,2533,2570,2559,2512,2661,2670,2759,2563,2552,2551,2496,2552,2498,2463,2618
53011,"Clark County, WA",5420,5336,5250,5341,5560,5645,5793,5915,5858,5587,5485,5489,5364,5336,5571,5560,5665,5520,5482,5591,5354,5627,5526,5487,5669
53015,"Cowlitz County, WA",,,,,,,,0,0,0,0,0,0,0,1168,1234,1285,1295,1235,1238,1240,1202,1245,1203,1240
53033,"King County, WA",22499,21800,21888,22491,22939,22695,24254,24910,25245,25095,24534,24644,25031,24901,25363,25487,26022,25300,24347,24113,23686,23428,23023,22442,22948
53035,"Kitsap County, WA",3109,2957,2945,3014,3010,2905,3039,2894,3052,2905,2931,2949,2998,2835,3067,3058,3147,2979,2994,2953,2793,2736,2938,2691,2782
53053,"Pierce County, WA",10177,10038,10023,10032,10243,10484,11142,11399,11545,11640,10697,11245,11290,11118,11666,11539,11756,11297,11478,11054,11053,11096,10968,10450,10518
53057,"Skagit County, WA",,,,1375,1422,1451,1504,1560,1628,1535,1474,1456,1430,1437,1430,1442,1515,1429,1386,1393,1350,1398,1413,1354,1330
53061,"Snohomish County, WA",8550,8698,8343,8586,8630,8931,9073,9569,9811,9239,9001,8930,9228,9412,9524,9768,10041,9883,9763,9667,9323,9783,9860,9876,9849
53063,"Spokane County, WA",5667,5439,5562,5474,5487,5597,5988,5988,6160,6116,5790,5874,5998,6061,5892,6043,6145,5895,5737,5827,5736,5864,5867,5706,6018
53067,"Thurston County, WA",2549,2601,2440,2609,2592,2620,2769,2941,3076,3164,2957,3139,3130,3042,3187,3069,3205,3067,3108,3060,2939,3130,3014,2840,2991
53073,"Whatcom County, WA",2077,1957,1957,2021,2057,2126,2210,2210,2180,2272,2325,2263,2260,2244,2286,2373,2279,2163,2161,1991,2005,2036,1956,1939,2024
53077,"Yakima County, WA",4253,4187,4042,4134,4209,4173,4358,4518,4439,4526,4377,4211,4125,3953,4134,3994,3935,3789,3690,3488,3562,3395,3453,3127,3378
54003,"Berkeley County, WV",,,,,,,,0,0,0,0,0,0,0,1366,1386,1393,1361,1487,1450,1518,1482,1621,1523,1555
54039,"Kanawha County, WV",2420,2308,2436,2365,2449,2278,2372,2383,2449,2345,2205,2156,2229,2256,2175,2068,1968,1929,1864,1757,1704,1747,1623,1640,1658
55009,"Brown County, WI",3212,3233,3283,3365,3211,3331,3444,3521,3451,3428,3417,3394,3462,3389,3358,3418,3336,3323,3158,3104,2954,3060,2996,2951,2908
55025,"Dane County, WI",5558,5524,5566,5742,5994,6055,6104,6197,6226,6123,6059,6045,6164,6062,6359,6178,6052,5883,5753,5766,5665,5695,5584,5548,5419
55039,"Fond du Lac County, WI",,,,,,,,0,0,0,0,0,0,0,1067,1080,1031,1066,1073,1023,970,1038,981,1032,994
55059,"Kenosha County, WI",2151,2126,2096,2159,2126,2134,2215,2142,2309,2174,2065,1971,1926,1989,1956,1911,1936,1876,1788,1838,1738,1744,1669,1687,1554
55063,"La Crosse County, WI",,,,1247,1259,1292,1323,1305,1334,1371,1345,1309,1222,1233,1260,1268,1188,1188,1176,1124,1122,1150,1083,1107,1128
55073,"Marathon County, WI",1521,1534,1504,1549,1532,1556,1633,1760,1683,1664,1658,1637,1610,1574,1607,1622,1635,1451,1561,1514,1414,1419,1462,1414,1416
55079,"Milwaukee County, WI",14856,14736,14346,14803,14645,14908,15203,15322,15371,15253,14325,14208,14031,14025,13937,13915,13658,13427,13032,13064,12277,11990,11576,11550,11382
55087,"Outagamie County, WI",2289,2244,2338,2257,2295,2291,2252,2283,2385,2237,2269,2325,2233,2266,2286,2368,2319,2205,2215,2228,2043,2184,2089,1994,2182
55101,"Racine County, WI",2651,2588,2543,2545,2501,2624,2656,2627,2677,2586,2484,2452,2373,2378,2375,2400,2417,2285,2271,2331,2114,2227,2123,2028,2081
55105,"Rock County, WI",2077,2033,1968,2058,2005,2052,2125,2161,2077,1981,1992,1894,1877,1955,1977,1937,2003,1911,1869,1832,1883,1774,1775,1769,1835
55117,"Sheboygan County, WI",1439,1340,1381,1376,1383,1482,1420,1406,1403,1346,1327,1304,1278,1232,1185,1310,1257,1204,1270,1199,1131,1128,1135,1097,1081
55127,"Walworth County, WI",,,,,,,,0,0,0,0,0,0,0,1072,1055,967,917,942,945,833,916,904,907,886
55131,"Washington County, WI",,,,1491,1432,1496,1538,1518,1443,1449,1293,1323,1334,1343,1332,1381,1331,1291,1300,1284,1163,1292,1276,1286,1200
55133,"Waukesha County, WI",4358,4422,4269,4310,4363,4106,4141,4065,3959,3752,3891,3735,3870,3697,3885,3703,4008,3863,3918,3724,3743,3914,3768,3644,3672
55139,"Winnebago County, WI",1926,1850,1846,1745,1838,1826,1887,1932,1955,1965,1874,1934,1890,1859,1826,1916,1905,1833,1798,1741,1703,1755,1617,1704,1677
